Workbook

Sheet صورت‌حساب
A2: صورت‌حساب سپرده | B2: 9316-888-1512735-1 | D2: از 1404/07/01 - 00:00 تا 1404/07/30 - 23:59
A3: IR330560931688801512735001 | D3: تاریخ ایجاد گزارش: 1404/08/16 - 22:30
A4: شعبه تهیه گزارش: اینترنت بانک
B5: ارز سپرده: | C5: ریال | D5: موجودی: | E5: 99584637 | F5: موجودی قابل برداشت: | G5: 99584637 | H5: مبلغ مسدودی: | J5: 0
B6: شناسه واریز: | D6: ترتیب تاریخ: | E6: صعودی | F6: نوع تراکنش:
B7: از مبلغ: | D7: تا مبلغ: | F7: یادداشت:
A8: ردیف | B8: تاریخ | C8: زمان | D8: عملیات | E8: شرح | F8: واریز (ریال) | G8: برداشت (ریال) | H8: مانده (ریال) | I8: شماره کارت | J8: شعبه | K8: شماره سند | L8: شماره برگه/شماره چک | M8: شناسه واریز | N8: یادداشت | O8: شماره پیگیری
A9: 1 | B9: 1404/07/01 | C9: 07:02:36 | D9: انتقال وجه از طريق مدرن | E9: انتقال وجه موبايلت از سپرده 9316.888.1579090.1 ش.پ 00001758598356202052 - محمود ابراهيميان | F9: 140000000 | G9: 0 | H9: 161867925 | I9: =IFERROR(__xludf.DUMMYFUNCTION("REGEXEXTRACT(E9, ""ک\s(\d{16})"")"),"#N/A") -> #N/A | J9: نيشابور(9316) | K9: 50864603 | L9: - | O9: 00001758598356202052
A10: 2 | B10: 1404/07/01 | C10: 07:12:43 | D10: انتقال وجه از طريق مدرن | E10: انتقال وجه موبايلت از سپرده 9316.888.1579090.1 ش.پ 00001758598963401925 - محمود ابراهيميان | F10: 7900000 | G10: 0 | H10: 169767925 | I10: =IFERROR(__xludf.DUMMYFUNCTION("REGEXEXTRACT(E10, ""ک\s(\d{16})"")"),"#N/A") -> #N/A | J10: نيشابور(9316) | K10: 10864048 | L10: - | O10: 00001758598963401925
A11: 3 | B11: 1404/07/01 | C11: 11:17:48 | D11: خريد کالا | E11: خريد کالا و خدمات از پايانه فروش 14973164 پرداخت الکترونيک سامان1 از ک 6219861085979838 ش م 85472825 | F11: 0 | G11: 33435000 | H11: 136332925 | I11: =IFERROR(__xludf.DUMMYFUNCTION("REGEXEXTRACT(E11, ""ک\s(\d{16})"")"),"6219861085979838") -> 6219861085979838 | J11: مرکز عمليات کارت(880) | K11: 30870342 | L11: -
A12: 4 | B12: 1404/07/01 | C12: 11:57:56 | D12: انتقال وجه داخلي | E12: انتقال از خودپرداز 45101693 تجارت - بين 2 به ک 6037701575716284 ش م 169326543071 ش پ 169373 | F12: 0 | G12: 30000000 | H12: 106332925 | I12: =IFERROR(__xludf.DUMMYFUNCTION("REGEXEXTRACT(E12, ""ک\s(\d{16})"")"),"6037701575716284") -> 6037701575716284 | J12: مرکز عمليات کارت(880) | K12: 40871671 | L12: -
A13: 5 | B13: 1404/07/01 | C13: 11:57:56 | D13: انتقال وجه داخلي | E13: کارمزد انتقال از خودپرداز 45101693 تجارت - بين 2 از ک 6219861085979838 ش م 169326543071 ش پ 169373 | F13: 0 | G13: 15400 | H13: 106317525 | I13: =IFERROR(__xludf.DUMMYFUNCTION("REGEXEXTRACT(E13, ""ک\s(\d{16})"")"),"6219861085979838") -> 6219861085979838 | J13: مرکز عمليات کارت(880) | K13: 40871671 | L13: -
A14: 6 | B14: 1404/07/01 | C14: 11:58:27 | D14: انتقال وجه داخلي | E14: انتقال از خودپرداز 45101693 تجارت - بين 2 به ک 6104338738476148 ش م 169326543105 ش پ 169374 | F14: 0 | G14: 19824600 | H14: 86492925 | I14: =IFERROR(__xludf.DUMMYFUNCTION("REGEXEXTRACT(E14, ""ک\s(\d{16})"")"),"6104338738476148") -> 6104338738476148 | J14: مرکز عمليات کارت(880) | K14: 30871525 | L14: -
A15: 7 | B15: 1404/07/01 | C15: 11:58:27 | D15: انتقال وجه داخلي | E15: کارمزد انتقال از خودپرداز 45101693 تجارت - بين 2 از ک 6219861085979838 ش م 169326543105 ش پ 169374 | F15: 0 | G15: 12200 | H15: 86480725 | I15: =IFERROR(__xludf.DUMMYFUNCTION("REGEXEXTRACT(E15, ""ک\s(\d{16})"")"),"6219861085979838") -> 6219861085979838 | J15: مرکز عمليات کارت(880) | K15: 30871525 | L15: -
A16: 8 | B16: 1404/07/01 | C16: 11:58:53 | D16: انتقال وجه داخلي | E16: انتقال از خودپرداز 45101693 تجارت - بين 2 به ک 6274121208660688 ش م 169326543131 ش پ 169375 | F16: 0 | G16: 28170000 | H16: 58310725 | I16: =IFERROR(__xludf.DUMMYFUNCTION("REGEXEXTRACT(E16, ""ک\s(\d{16})"")"),"6274121208660688") -> 6274121208660688 | J16: مرکز عمليات کارت(880) | K16: 40871680 | L16: -
A17: 9 | B17: 1404/07/01 | C17: 11:58:53 | D17: انتقال وجه داخلي | E17: کارمزد انتقال از خودپرداز 45101693 تجارت - بين 2 از ک 6219861085979838 ش م 169326543131 ش پ 169375 | F17: 0 | G17: 15400 | H17: 58295325 | I17: =IFERROR(__xludf.DUMMYFUNCTION("REGEXEXTRACT(E17, ""ک\s(\d{16})"")"),"6219861085979838") -> 6219861085979838 | J17: مرکز عمليات کارت(880) | K17: 40871680 | L17: -
A18: 10 | B18: 1404/07/01 | C18: 12:02:56 | D18: اعلام موجودي | E18: کارمزد مانده حساب از پايانه فروش 13444162 پرداخت الکترونيک سامان1 از ک 6219861085979838 ش م 85473011 | F18: 0 | G18: 1800 | H18: 58293525 | I18: =IFERROR(__xludf.DUMMYFUNCTION("REGEXEXTRACT(E18, ""ک\s(\d{16})"")"),"6219861085979838") -> 6219861085979838 | J18: مرکز عمليات کارت(880) | K18: 30871583 | L18: -
A19: 11 | B19: 1404/07/01 | C19: 13:33:33 | D19: خريد کالا | E19: خريد کالا و خدمات از پايانه فروش 05465898 کارت اعتباري ايران کيش از ک 6219861085979838 ش م 658982650 | F19: 0 | G19: 2350000 | H19: 55943525 | I19: =IFERROR(__xludf.DUMMYFUNCTION("REGEXEXTRACT(E19, ""ک\s(\d{16})"")"),"6219861085979838") -> 6219861085979838 | J19: مرکز عمليات کارت(880) | K19: 40875262 | L19: -
A20: 12 | B20: 1404/07/01 | C20: 20:00:53 | D20: انتقال وجه داخلي | E20: انتقال از اينترنت I000MP01 تجارت - بين 2 از ک 5859831105862774 ش م 136232302991 ش پ 187674 | F20: 250000 | G20: 0 | H20: 56193525 | I20: =IFERROR(__xludf.DUMMYFUNCTION("REGEXEXTRACT(E20, ""ک\s(\d{16})"")"),"5859831105862774") -> 5859831105862774 | J20: مرکز عمليات کارت(880) | K20: 30885576 | L20: -
A21: 13 | B21: 1404/07/02 | C21: 04:47:21 | D21: انتقال وجه از طريق مدرن | E21: انتقال وجه موبايلت از سپرده 9316.888.1579090.1 ش.پ 00001758676641322350 - محمود ابراهيميان | F21: 40000000 | G21: 0 | H21: 96193525 | I21: =IFERROR(__xludf.DUMMYFUNCTION("REGEXEXTRACT(E21, ""ک\s(\d{16})"")"),"#N/A") -> #N/A | J21: نيشابور(9316) | K21: 20886873 | L21: - | O21: 00001758676641322350
A22: 14 | B22: 1404/07/02 | C22: 04:48:14 | D22: انتقال وجه از طريق مدرن | E22: انتقال وجه موبايلت از سپرده 9316.888.1579090.1 ش.پ 00001758676694053361 - محمود ابراهيميان | F22: 28000000 | G22: 0 | H22: 124193525 | I22: =IFERROR(__xludf.DUMMYFUNCTION("REGEXEXTRACT(E22, ""ک\s(\d{16})"")"),"#N/A") -> #N/A | J22: نيشابور(9316) | K22: 10891266 | L22: - | O22: 00001758676694053361
A23: 15 | B23: 1404/07/02 | C23: 09:27:50 | D23: خريد کالا | E23: خريد کالا و خدمات از پايانه فروش 33562616 پرداخت الکترونيک سداد 2 از ک 6219861085979838 ش م 32885947 | F23: 0 | G23: 15600000 | H23: 108593525 | I23: =IFERROR(__xludf.DUMMYFUNCTION("REGEXEXTRACT(E23, ""ک\s(\d{16})"")"),"6219861085979838") -> 6219861085979838 | J23: مرکز عمليات کارت(880) | K23: 30895836 | L23: -
A24: 16 | B24: 1404/07/02 | C24: 09:45:12 | D24: خريد کالا | E24: خريد کالا و خدمات از پايانه فروش 33795243 پرداخت الکترونيک سداد 2 از ک 6219861085979838 ش م 32885969 | F24: 0 | G24: 10000000 | H24: 98593525 | I24: =IFERROR(__xludf.DUMMYFUNCTION("REGEXEXTRACT(E24, ""ک\s(\d{16})"")"),"6219861085979838") -> 6219861085979838 | J24: مرکز عمليات کارت(880) | K24: 30895981 | L24: -
A25: 17 | B25: 1404/07/02 | C25: 09:50:22 | D25: خريد کالا | E25: خريد کالا و خدمات از پايانه فروش 07027865 کارت اعتباري ايران کيش از ک 6219861085979838 ش م 278652666 | F25: 0 | G25: 14885000 | H25: 83708525 | I25: =IFERROR(__xludf.DUMMYFUNCTION("REGEXEXTRACT(E25, ""ک\s(\d{16})"")"),"6219861085979838") -> 6219861085979838 | J25: مرکز عمليات کارت(880) | K25: 40896464 | L25: -
A26: 18 | B26: 1404/07/02 | C26: 10:50:22 | D26: خريد کالا | E26: خريد کالا و خدمات از پايانه فروش 99085527 مبنا کارت آريا (اينفوتک) از ک 6219861085979838 ش م 1290901 | F26: 0 | G26: 10375000 | H26: 73333525 | I26: =IFERROR(__xludf.DUMMYFUNCTION("REGEXEXTRACT(E26, ""ک\s(\d{16})"")"),"6219861085979838") -> 6219861085979838 | J26: مرکز عمليات کارت(880) | K26: 40898473 | L26: -
A27: 19 | B27: 1404/07/02 | C27: 11:56:33 | D27: صدور سند انتقال | E27: انتقال وجه بلو بانک از شبا IR810560611828005612979301 ش.پ 14042912609274 - مبينا دادگري | F27: 1150000 | G27: 0 | H27: 74483525 | I27: =IFERROR(__xludf.DUMMYFUNCTION("REGEXEXTRACT(E27, ""ک\s(\d{16})"")"),"#N/A") -> #N/A | J27: مرکزي(802) | K27: 10899152 | L27: -
A28: 20 | B28: 1404/07/02 | C28: 12:12:34 | D28: خريد کالا | E28: خريد کالا و خدمات از پايانه فروش 10073665 پرداخت الکترونيک سامان1 از ک 6219861085979838 ش م 85476458 | F28: 0 | G28: 6000000 | H28: 68483525 | I28: =IFERROR(__xludf.DUMMYFUNCTION("REGEXEXTRACT(E28, ""ک\s(\d{16})"")"),"6219861085979838") -> 6219861085979838 | J28: مرکز عمليات کارت(880) | K28: 40901487 | L28: -
A29: 21 | B29: 1404/07/02 | C29: 12:55:19 | D29: اعلام موجودي | E29: کارمزد مانده حساب از پايانه فروش 13444162 پرداخت الکترونيک سامان1 از ک 6219861085979838 ش م 85476631 | F29: 0 | G29: 1800 | H29: 68481725 | I29: =IFERROR(__xludf.DUMMYFUNCTION("REGEXEXTRACT(E29, ""ک\s(\d{16})"")"),"6219861085979838") -> 6219861085979838 | J29: مرکز عمليات کارت(880) | K29: 30903437 | L29: -
A30: 22 | B30: 1404/07/02 | C30: 13:24:22 | D30: انتقال وجه داخلي | E30: انتقال از اينترنت I000MP01 تجارت - بين 2 از ک 5859831227346631 ش م 984881868405 ش پ 183289 | F30: 150000 | G30: 0 | H30: 68631725 | I30: =IFERROR(__xludf.DUMMYFUNCTION("REGEXEXTRACT(E30, ""ک\s(\d{16})"")"),"5859831227346631") -> 5859831227346631 | J30: مرکز عمليات کارت(880) | K30: 30904353 | L30: -
A31: 23 | B31: 1404/07/02 | C31: 19:00:11 | D31: انتقال وجه داخلي | E31: انتقال از اينترنت 00019041 سامان به ک 6037701642636788 ش م 526719070517 ش پ 070517 | F31: 0 | G31: 13200000 | H31: 55431725 | I31: =IFERROR(__xludf.DUMMYFUNCTION("REGEXEXTRACT(E31, ""ک\s(\d{16})"")"),"6037701642636788") -> 6037701642636788 | J31: مرکز عمليات کارت(880) | K31: 40912244 | L31: -
A32: 24 | B32: 1404/07/02 | C32: 19:00:11 | D32: انتقال وجه داخلي | E32: کارمزد انتقال از اينترنت 00019041 سامان از ک 6219861085979838 ش م 526719070517 ش پ 070517 | F32: 0 | G32: 12200 | H32: 55419525 | I32: =IFERROR(__xludf.DUMMYFUNCTION("REGEXEXTRACT(E32, ""ک\s(\d{16})"")"),"6219861085979838") -> 6219861085979838 | J32: مرکز عمليات کارت(880) | K32: 40912244 | L32: -
A33: 25 | B33: 1404/07/03 | C33: 06:01:8 | D33: انتقال وجه از طريق مدرن | E33: انتقال وجه موبايلت از سپرده 9316.888.1579090.1 ش.پ 00001758767468899694 - محمود ابراهيميان | F33: 72000000 | G33: 0 | H33: 127419525 | I33: =IFERROR(__xludf.DUMMYFUNCTION("REGEXEXTRACT(E33, ""ک\s(\d{16})"")"),"#N/A") -> #N/A | J33: نيشابور(9316) | K33: 50915482 | L33: - | O33: 00001758767468899694
A34: 26 | B34: 1404/07/03 | C34: 10:00:19 | D34: خريد کالا | E34: خريد کالا و خدمات از پايانه فروش 33576242 پرداخت الکترونيک سداد 2 از ک 6219861085979838 ش م 32887403 | F34: 0 | G34: 2000000 | H34: 125419525 | I34: =IFERROR(__xludf.DUMMYFUNCTION("REGEXEXTRACT(E34, ""ک\s(\d{16})"")"),"6219861085979838") -> 6219861085979838 | J34: مرکز عمليات کارت(880) | K34: 40925822 | L34: -
A35: 27 | B35: 1404/07/03 | C35: 11:30:56 | D35: انتقال وجه داخلي | E35: انتقال از اينترنت 00019041 سامان به ک 6037997435482469 ش م 526811027326 ش پ 027326 | F35: 0 | G35: 2700000 | H35: 122719525 | I35: =IFERROR(__xludf.DUMMYFUNCTION("REGEXEXTRACT(E35, ""ک\s(\d{16})"")"),"6037997435482469") -> 6037997435482469 | J35: مرکز عمليات کارت(880) | K35: 40933323 | L35: -
A36: 28 | B36: 1404/07/03 | C36: 11:30:56 | D36: انتقال وجه داخلي | E36: کارمزد انتقال از اينترنت 00019041 سامان از ک 6219861085979838 ش م 526811027326 ش پ 027326 | F36: 0 | G36: 9000 | H36: 122710525 | I36: =IFERROR(__xludf.DUMMYFUNCTION("REGEXEXTRACT(E36, ""ک\s(\d{16})"")"),"6219861085979838") -> 6219861085979838 | J36: مرکز عمليات کارت(880) | K36: 40933323 | L36: -
A37: 29 | B37: 1404/07/03 | C37: 11:45:36 | D37: خريد کالا | E37: خريد کالا و خدمات از پايانه فروش 10073665 پرداخت الکترونيک سامان1 از ک 6219861085979838 ش م 85479555 | F37: 0 | G37: 2900000 | H37: 119810525 | I37: =IFERROR(__xludf.DUMMYFUNCTION("REGEXEXTRACT(E37, ""ک\s(\d{16})"")"),"6219861085979838") -> 6219861085979838 | J37: مرکز عمليات کارت(880) | K37: 40935367 | L37: -
A38: 30 | B38: 1404/07/03 | C38: 12:53:33 | D38: انتقال وجه داخلي | E38: انتقال از خودپرداز 45101693 تجارت - بين 2 به ک 5894631178646402 ش م 169326746411 ش پ 169318 | F38: 0 | G38: 10480000 | H38: 109330525 | I38: =IFERROR(__xludf.DUMMYFUNCTION("REGEXEXTRACT(E38, ""ک\s(\d{16})"")"),"5894631178646402") -> 5894631178646402 | J38: مرکز عمليات کارت(880) | K38: 30938032 | L38: -
A39: 31 | B39: 1404/07/03 | C39: 12:53:33 | D39: انتقال وجه داخلي | E39: کارمزد انتقال از خودپرداز 45101693 تجارت - بين 2 از ک 6219861085979838 ش م 169326746411 ش پ 169318 | F39: 0 | G39: 12200 | H39: 109318325 | I39: =IFERROR(__xludf.DUMMYFUNCTION("REGEXEXTRACT(E39, ""ک\s(\d{16})"")"),"6219861085979838") -> 6219861085979838 | J39: مرکز عمليات کارت(880) | K39: 30938032 | L39: -
A40: 32 | B40: 1404/07/03 | C40: 12:53:58 | D40: انتقال وجه داخلي | E40: انتقال از خودپرداز 45101693 تجارت - بين 2 به ک 6037997381658112 ش م 169326746435 ش پ 169319 | F40: 0 | G40: 9600000 | H40: 99718325 | I40: =IFERROR(__xludf.DUMMYFUNCTION("REGEXEXTRACT(E40, ""ک\s(\d{16})"")"),"6037997381658112") -> 6037997381658112 | J40: مرکز عمليات کارت(880) | K40: 30938037 | L40: -
A41: 33 | B41: 1404/07/03 | C41: 12:53:58 | D41: انتقال وجه داخلي | E41: کارمزد انتقال از خودپرداز 45101693 تجارت - بين 2 از ک 6219861085979838 ش م 169326746435 ش پ 169319 | F41: 0 | G41: 9000 | H41: 99709325 | I41: =IFERROR(__xludf.DUMMYFUNCTION("REGEXEXTRACT(E41, ""ک\s(\d{16})"")"),"6219861085979838") -> 6219861085979838 | J41: مرکز عمليات کارت(880) | K41: 30938037 | L41: -
A42: 34 | B42: 1404/07/03 | C42: 12:54:27 | D42: انتقال وجه داخلي | E42: انتقال از خودپرداز 45101693 تجارت - بين 2 به ک 6274121208660688 ش م 169326746464 ش پ 169320 | F42: 0 | G42: 20430000 | H42: 79279325 | I42: =IFERROR(__xludf.DUMMYFUNCTION("REGEXEXTRACT(E42, ""ک\s(\d{16})"")"),"6274121208660688") -> 6274121208660688 | J42: مرکز عمليات کارت(880) | K42: 30938044 | L42: -
A43: 35 | B43: 1404/07/03 | C43: 12:54:27 | D43: انتقال وجه داخلي | E43: کارمزد انتقال از خودپرداز 45101693 تجارت - بين 2 از ک 6219861085979838 ش م 169326746464 ش پ 169320 | F43: 0 | G43: 15400 | H43: 79263925 | I43: =IFERROR(__xludf.DUMMYFUNCTION("REGEXEXTRACT(E43, ""ک\s(\d{16})"")"),"6219861085979838") -> 6219861085979838 | J43: مرکز عمليات کارت(880) | K43: 30938044 | L43: -
A44: 36 | B44: 1404/07/03 | C44: 12:55:4 | D44: انتقال وجه داخلي | E44: انتقال از خودپرداز 45101693 تجارت - بين 2 به ک 6037701642636788 ش م 169326746501 ش پ 169321 | F44: 0 | G44: 13200000 | H44: 66063925 | I44: =IFERROR(__xludf.DUMMYFUNCTION("REGEXEXTRACT(E44, ""ک\s(\d{16})"")"),"6037701642636788") -> 6037701642636788 | J44: مرکز عمليات کارت(880) | K44: 30938052 | L44: -
A45: 37 | B45: 1404/07/03 | C45: 12:55:4 | D45: انتقال وجه داخلي | E45: کارمزد انتقال از خودپرداز 45101693 تجارت - بين 2 از ک 6219861085979838 ش م 169326746501 ش پ 169321 | F45: 0 | G45: 12200 | H45: 66051725 | I45: =IFERROR(__xludf.DUMMYFUNCTION("REGEXEXTRACT(E45, ""ک\s(\d{16})"")"),"6219861085979838") -> 6219861085979838 | J45: مرکز عمليات کارت(880) | K45: 30938052 | L45: -
A46: 38 | B46: 1404/07/03 | C46: 12:55:31 | D46: انتقال وجه داخلي | E46: انتقال از خودپرداز 45101693 تجارت - بين 2 به ک 5859831103338371 ش م 169326746529 ش پ 169322 | F46: 0 | G46: 4000000 | H46: 62051725 | I46: =IFERROR(__xludf.DUMMYFUNCTION("REGEXEXTRACT(E46, ""ک\s(\d{16})"")"),"5859831103338371") -> 5859831103338371 | J46: مرکز عمليات کارت(880) | K46: 40937752 | L46: -
A47: 39 | B47: 1404/07/03 | C47: 12:55:31 | D47: انتقال وجه داخلي | E47: کارمزد انتقال از خودپرداز 45101693 تجارت - بين 2 از ک 6219861085979838 ش م 169326746529 ش پ 169322 | F47: 0 | G47: 9000 | H47: 62042725 | I47: =IFERROR(__xludf.DUMMYFUNCTION("REGEXEXTRACT(E47, ""ک\s(\d{16})"")"),"6219861085979838") -> 6219861085979838 | J47: مرکز عمليات کارت(880) | K47: 40937752 | L47: -
A48: 40 | B48: 1404/07/03 | C48: 12:59:7 | D48: اعلام موجودي | E48: کارمزد مانده حساب از پايانه فروش 13444162 پرداخت الکترونيک سامان1 از ک 6219861085979838 ش م 85479861 | F48: 0 | G48: 1800 | H48: 62040925 | I48: =IFERROR(__xludf.DUMMYFUNCTION("REGEXEXTRACT(E48, ""ک\s(\d{16})"")"),"6219861085979838") -> 6219861085979838 | J48: مرکز عمليات کارت(880) | K48: 30938094 | L48: -
A49: 41 | B49: 1404/07/03 | C49: 19:12:58 | D49: انتقال وجه داخلي | E49: انتقال از اينترنت 17592030 ملي از ک 6037991712002975 ش م 628345324934 ش پ 921969 | F49: 1450000 | G49: 0 | H49: 63490925 | I49: =IFERROR(__xludf.DUMMYFUNCTION("REGEXEXTRACT(E49, ""ک\s(\d{16})"")"),"6037991712002975") -> 6037991712002975 | J49: مرکز عمليات کارت(880) | K49: 40945117 | L49: -
A50: 42 | B50: 1404/07/03 | C50: 20:49:40 | D50: انتقال وجه داخلي | E50: انتقال از خودپرداز 45101693 تجارت - بين 2 به ک 6104338738476148 ش م 169326774978 ش پ 169319 | F50: 0 | G50: 20675600 | H50: 42815325 | I50: =IFERROR(__xludf.DUMMYFUNCTION("REGEXEXTRACT(E50, ""ک\s(\d{16})"")"),"6104338738476148") -> 6104338738476148 | J50: مرکز عمليات کارت(880) | K50: 40947953 | L50: -
A51: 43 | B51: 1404/07/03 | C51: 20:49:40 | D51: انتقال وجه داخلي | E51: کارمزد انتقال از خودپرداز 45101693 تجارت - بين 2 از ک 6219861085979838 ش م 169326774978 ش پ 169319 | F51: 0 | G51: 15400 | H51: 42799925 | I51: =IFERROR(__xludf.DUMMYFUNCTION("REGEXEXTRACT(E51, ""ک\s(\d{16})"")"),"6219861085979838") -> 6219861085979838 | J51: مرکز عمليات کارت(880) | K51: 40947953 | L51: -
A52: 44 | B52: 1404/07/03 | C52: 20:50:13 | D52: انتقال وجه داخلي | E52: انتقال از خودپرداز 45101693 تجارت - بين 2 به ک 5894631178646402 ش م 169326775010 ش پ 169320 | F52: 0 | G52: 10420000 | H52: 32379925 | I52: =IFERROR(__xludf.DUMMYFUNCTION("REGEXEXTRACT(E52, ""ک\s(\d{16})"")"),"5894631178646402") -> 5894631178646402 | J52: مرکز عمليات کارت(880) | K52: 30948066 | L52: -
A53: 45 | B53: 1404/07/03 | C53: 20:50:13 | D53: انتقال وجه داخلي | E53: کارمزد انتقال از خودپرداز 45101693 تجارت - بين 2 از ک 6219861085979838 ش م 169326775010 ش پ 169320 | F53: 0 | G53: 12200 | H53: 32367725 | I53: =IFERROR(__xludf.DUMMYFUNCTION("REGEXEXTRACT(E53, ""ک\s(\d{16})"")"),"6219861085979838") -> 6219861085979838 | J53: مرکز عمليات کارت(880) | K53: 30948066 | L53: -
A54: 46 | B54: 1404/07/03 | C54: 21:13:16 | D54: اعلام موجودي | E54: کارمزد مانده حساب از پايانه فروش 13444162 پرداخت الکترونيک سامان1 از ک 6219861085979838 ش م 85481672 | F54: 0 | G54: 1800 | H54: 32365925 | I54: =IFERROR(__xludf.DUMMYFUNCTION("REGEXEXTRACT(E54, ""ک\s(\d{16})"")"),"6219861085979838") -> 6219861085979838 | J54: مرکز عمليات کارت(880) | K54: 30948537 | L54: -
A55: 47 | B55: 1404/07/04 | C55: 16:59:26 | D55: انتقال وجه از طريق مدرن | E55: انتقال وجه موبايلت از سپرده 9316.888.1579090.1 ش.پ 00001758893366242176 - محمود ابراهيميان | F55: 112600000 | G55: 0 | H55: 144965925 | I55: =IFERROR(__xludf.DUMMYFUNCTION("REGEXEXTRACT(E55, ""ک\s(\d{16})"")"),"#N/A") -> #N/A | J55: نيشابور(9316) | K55: 20946378 | L55: - | O55: 00001758893366242176
A56: 48 | B56: 1404/07/05 | C56: 09:33:10 | D56: خريد کالا | E56: خريد کالا و خدمات از پايانه فروش 33562616 پرداخت الکترونيک سداد 2 از ک 6219861085979838 ش م 32889835 | F56: 0 | G56: 15600000 | H56: 129365925 | I56: =IFERROR(__xludf.DUMMYFUNCTION("REGEXEXTRACT(E56, ""ک\s(\d{16})"")"),"6219861085979838") -> 6219861085979838 | J56: مرکز عمليات کارت(880) | K56: 30971818 | L56: -
A57: 49 | B57: 1404/07/05 | C57: 11:21:26 | D57: اعلام موجودي | E57: کارمزد مانده حساب از پايانه فروش 13444162 پرداخت الکترونيک سامان1 از ک 6219861085979838 ش م 85485235 | F57: 0 | G57: 1800 | H57: 129364125 | I57: =IFERROR(__xludf.DUMMYFUNCTION("REGEXEXTRACT(E57, ""ک\s(\d{16})"")"),"6219861085979838") -> 6219861085979838 | J57: مرکز عمليات کارت(880) | K57: 40975097 | L57: -
A58: 50 | B58: 1404/07/05 | C58: 12:00:7 | D58: انتقال وجه داخلي | E58: انتقال از اينترنت 00019001 پست بانک از ک 6277601369097934 ش م 130009279950 ش پ 279950 | F58: 500000 | G58: 0 | H58: 129864125 | I58: =IFERROR(__xludf.DUMMYFUNCTION("REGEXEXTRACT(E58, ""ک\s(\d{16})"")"),"6277601369097934") -> 6277601369097934 | J58: مرکز عمليات کارت(880) | K58: 40975982 | L58: -
A59: 51 | B59: 1404/07/05 | C59: 19:38:35 | D59: انتقال وجه داخلي | E59: انتقال از اينترنت 00000035 پارسيان از ک 6221061215421878 ش م 758984023831 ش پ 179948 | F59: 250000 | G59: 0 | H59: 130114125 | I59: =IFERROR(__xludf.DUMMYFUNCTION("REGEXEXTRACT(E59, ""ک\s(\d{16})"")"),"6221061215421878") -> 6221061215421878 | J59: مرکز عمليات کارت(880) | K59: 30986271 | L59: -
A60: 52 | B60: 1404/07/06 | C60: 04:39:57 | D60: انتقال وجه از طريق مدرن | E60: انتقال وجه موبايلت از سپرده 9316.888.1579090.1 ش.پ 00001759021797764980 - محمود ابراهيميان | F60: 40000000 | G60: 0 | H60: 170114125 | I60: =IFERROR(__xludf.DUMMYFUNCTION("REGEXEXTRACT(E60, ""ک\s(\d{16})"")"),"#N/A") -> #N/A | J60: نيشابور(9316) | K60: 10991579 | L60: - | O60: 00001759021797764980
A61: 53 | B61: 1404/07/06 | C61: 05:00:40 | D61: انتقال وجه از طريق مدرن | E61: انتقال وجه موبايلت از سپرده 9316.888.1579090.1 ش.پ 00001759023040966249 - محمود ابراهيميان | F61: 36500000 | G61: 0 | H61: 206614125 | I61: =IFERROR(__xludf.DUMMYFUNCTION("REGEXEXTRACT(E61, ""ک\s(\d{16})"")"),"#N/A") -> #N/A | J61: نيشابور(9316) | K61: 10992955 | L61: - | O61: 00001759023040966249
A62: 54 | B62: 1404/07/06 | C62: 09:38:13 | D62: خريد کالا | E62: خريد کالا و خدمات از پايانه فروش 33562616 پرداخت الکترونيک سداد 2 از ک 6219861085979838 ش م 32891277 | F62: 0 | G62: 15600000 | H62: 191014125 | I62: =IFERROR(__xludf.DUMMYFUNCTION("REGEXEXTRACT(E62, ""ک\s(\d{16})"")"),"6219861085979838") -> 6219861085979838 | J62: مرکز عمليات کارت(880) | K62: 30996753 | L62: -
A63: 55 | B63: 1404/07/06 | C63: 09:49:0 | D63: خريد کالا | E63: خريد کالا و خدمات از پايانه فروش 31143271 پرداخت نوين آرين از ک 6219861085979838 ش م 513198209493 ش | F63: 0 | G63: 11600000 | H63: 179414125 | I63: =IFERROR(__xludf.DUMMYFUNCTION("REGEXEXTRACT(E63, ""ک\s(\d{16})"")"),"6219861085979838") -> 6219861085979838 | J63: مرکز عمليات کارت(880) | K63: 30997275 | L63: -
A64: 56 | B64: 1404/07/06 | C64: 10:07:59 | D64: اعلام موجودي | E64: کارمزد مانده حساب از پايانه فروش 13444162 پرداخت الکترونيک سامان1 از ک 6219861085979838 ش م 85488154 | F64: 0 | G64: 1800 | H64: 179412325 | I64: =IFERROR(__xludf.DUMMYFUNCTION("REGEXEXTRACT(E64, ""ک\s(\d{16})"")"),"6219861085979838") -> 6219861085979838 | J64: مرکز عمليات کارت(880) | K64: 40997753 | L64: -
A65: 57 | B65: 1404/07/06 | C65: 11:13:41 | D65: دستور پرداخت لحظه اي سمت متعهد | E65: انتقال وجه آني به شباIR660120010000001523463677به محسن عاملي ش.پ140407060563104919366 | F65: 0 | G65: 130000000 | H65: 49412325 | I65: =IFERROR(__xludf.DUMMYFUNCTION("REGEXEXTRACT(E65, ""ک\s(\d{16})"")"),"#N/A") -> #N/A | J65: مرکز عمليات مدرن(888) | K65: 50997515 | L65: -
A66: 58 | B66: 1404/07/06 | C66: 11:13:41 | D66: صدور سند کارمزد_انتقالي از سپرده يا حساب مطالبات سپرده به حساب کارمزد بانک | E66: دريافت کارمزد بابت انتقال وجه از کانال هاي مدرن به شيوه لايت از سپرده 9316.888.1512735.1-کارمزد دستور پرداخت سامانه پل | F66: 0 | G66: 26000 | H66: 49386325 | I66: =IFERROR(__xludf.DUMMYFUNCTION("REGEXEXTRACT(E66, ""ک\s(\d{16})"")"),"#N/A") -> #N/A | J66: مرکز عمليات مدرن(888) | K66: 50997516 | L66: -
A67: 59 | B67: 1404/07/06 | C67: 11:26:2 | D67: انتقال وجه داخلي | E67: انتقال از اينترنت 05053317 ملت از ک 6104331052268688 ش م 167859481103 ش پ 481103 | F67: 1200000 | G67: 0 | H67: 50586325 | I67: =IFERROR(__xludf.DUMMYFUNCTION("REGEXEXTRACT(E67, ""ک\s(\d{16})"")"),"6104331052268688") -> 6104331052268688 | J67: مرکز عمليات کارت(880) | K67: 40999856 | L67: -
A68: 60 | B68: 1404/07/06 | C68: 11:53:39 | D68: انتقال وجه داخلي | E68: انتقال از اينترنت 17592030 ملي از ک 6037998114386070 ش م 749819461281 ش پ 790299 | F68: 1200000 | G68: 0 | H68: 51786325 | I68: =IFERROR(__xludf.DUMMYFUNCTION("REGEXEXTRACT(E68, ""ک\s(\d{16})"")"),"6037998114386070") -> 6037998114386070 | J68: مرکز عمليات کارت(880) | K68: 30100665 | L68: -
A69: 61 | B69: 1404/07/06 | C69: 19:58:2 | D69: انتقال وجه داخلي | E69: انتقال از اينترنت 17592030 ملي از ک 6037997409404564 ش م 936500980360 ش پ 057440 | F69: 1450000 | G69: 0 | H69: 53236325 | I69: =IFERROR(__xludf.DUMMYFUNCTION("REGEXEXTRACT(E69, ""ک\s(\d{16})"")"),"6037997409404564") -> 6037997409404564 | J69: مرکز عمليات کارت(880) | K69: 40111475 | L69: -
A70: 62 | B70: 1404/07/06 | C70: 20:03:17 | D70: انتقال وجه داخلي | E70: انتقال از اينترنت 17592030 ملي از ک 6037991928738461 ش م 186640041098 ش پ 694091 | F70: 1700000 | G70: 0 | H70: 54936325 | I70: =IFERROR(__xludf.DUMMYFUNCTION("REGEXEXTRACT(E70, ""ک\s(\d{16})"")"),"6037991928738461") -> 6037991928738461 | J70: مرکز عمليات کارت(880) | K70: 30111607 | L70: -
A71: 63 | B71: 1404/07/06 | C71: 20:59:53 | D71: انتقال وجه داخلي | E71: انتقال از اينترنت 17592030 ملي از ک 6037998277253570 ش م 067820035988 ش پ 309130 | F71: 550000 | G71: 0 | H71: 55486325 | I71: =IFERROR(__xludf.DUMMYFUNCTION("REGEXEXTRACT(E71, ""ک\s(\d{16})"")"),"6037998277253570") -> 6037998277253570 | J71: مرکز عمليات کارت(880) | K71: 30112824 | L71: -
A72: 64 | B72: 1404/07/06 | C72: 21:01:44 | D72: اعلام موجودي | E72: کارمزد مانده حساب از پايانه فروش 13444162 پرداخت الکترونيک سامان1 از ک 6219861085979838 ش م 85490463 | F72: 0 | G72: 1800 | H72: 55484525 | I72: =IFERROR(__xludf.DUMMYFUNCTION("REGEXEXTRACT(E72, ""ک\s(\d{16})"")"),"6219861085979838") -> 6219861085979838 | J72: مرکز عمليات کارت(880) | K72: 30112851 | L72: -
A73: 65 | B73: 1404/07/06 | C73: 21:04:44 | D73: انتقال وجه داخلي | E73: انتقال از خودپرداز 45101693 تجارت - بين 2 به ک 5894631178646402 ش م 169327075882 ش پ 169392 | F73: 0 | G73: 10655000 | H73: 44829525 | I73: =IFERROR(__xludf.DUMMYFUNCTION("REGEXEXTRACT(E73, ""ک\s(\d{16})"")"),"5894631178646402") -> 5894631178646402 | J73: مرکز عمليات کارت(880) | K73: 30112894 | L73: -
A74: 66 | B74: 1404/07/06 | C74: 21:04:44 | D74: انتقال وجه داخلي | E74: کارمزد انتقال از خودپرداز 45101693 تجارت - بين 2 از ک 6219861085979838 ش م 169327075882 ش پ 169392 | F74: 0 | G74: 12200 | H74: 44817325 | I74: =IFERROR(__xludf.DUMMYFUNCTION("REGEXEXTRACT(E74, ""ک\s(\d{16})"")"),"6219861085979838") -> 6219861085979838 | J74: مرکز عمليات کارت(880) | K74: 30112894 | L74: -
A75: 67 | B75: 1404/07/06 | C75: 21:05:26 | D75: انتقال وجه داخلي | E75: انتقال از خودپرداز 45101693 تجارت - بين 2 به ک 6037701642636788 ش م 169327075922 ش پ 169393 | F75: 0 | G75: 13850000 | H75: 30967325 | I75: =IFERROR(__xludf.DUMMYFUNCTION("REGEXEXTRACT(E75, ""ک\s(\d{16})"")"),"6037701642636788") -> 6037701642636788 | J75: مرکز عمليات کارت(880) | K75: 30112905 | L75: -
A76: 68 | B76: 1404/07/06 | C76: 21:05:26 | D76: انتقال وجه داخلي | E76: کارمزد انتقال از خودپرداز 45101693 تجارت - بين 2 از ک 6219861085979838 ش م 169327075922 ش پ 169393 | F76: 0 | G76: 12200 | H76: 30955125 | I76: =IFERROR(__xludf.DUMMYFUNCTION("REGEXEXTRACT(E76, ""ک\s(\d{16})"")"),"6219861085979838") -> 6219861085979838 | J76: مرکز عمليات کارت(880) | K76: 30112905 | L76: -
A77: 69 | B77: 1404/07/07 | C77: 04:48:22 | D77: انتقال وجه از طريق مدرن | E77: انتقال وجه موبايلت از سپرده 9316.888.1579090.1 ش.پ 00001759108702503914 - محمود ابراهيميان | F77: 100000000 | G77: 0 | H77: 130955125 | I77: =IFERROR(__xludf.DUMMYFUNCTION("REGEXEXTRACT(E77, ""ک\s(\d{16})"")"),"#N/A") -> #N/A | J77: نيشابور(9316) | K77: 10116628 | L77: - | O77: 00001759108702503914
A78: 70 | B78: 1404/07/07 | C78: 18:30:12 | D78: انتقال وجه از طريق مدرن | E78: انتقال وجه خدمات کاربر ثالث به سپرده 880.376.2001.9 ش.پ 00001759158012165580-بانک سامان | F78: 0 | G78: 12000 | H78: 130943125 | I78: =IFERROR(__xludf.DUMMYFUNCTION("REGEXEXTRACT(E78, ""ک\s(\d{16})"")"),"#N/A") -> #N/A | J78: نيشابور(9316) | K78: 50129704 | L78: - | N78: کارمزد دريافتي بابت ثبت، انتقال، استعلام و تاييد چک | O78: 00001759158012165580
A79: 71 | B79: 1404/07/08 | C79: 04:57:36 | D79: انتقال وجه از طريق مدرن | E79: انتقال وجه موبايلت از سپرده 9316.888.1579090.1 ش.پ 00001759195656060558 - محمود ابراهيميان | F79: 81000000 | G79: 0 | H79: 211943125 | I79: =IFERROR(__xludf.DUMMYFUNCTION("REGEXEXTRACT(E79, ""ک\s(\d{16})"")"),"#N/A") -> #N/A | J79: نيشابور(9316) | K79: 50136939 | L79: - | O79: 00001759195656060558
A80: 72 | B80: 1404/07/08 | C80: 11:02:28 | D80: انتقال وجه داخلي | E80: انتقال از اينترنت 17592030 ملي از ک 6037998199231522 ش م 844467791444 ش پ 171723 | F80: 900000 | G80: 0 | H80: 212843125 | I80: =IFERROR(__xludf.DUMMYFUNCTION("REGEXEXTRACT(E80, ""ک\s(\d{16})"")"),"6037998199231522") -> 6037998199231522 | J80: مرکز عمليات کارت(880) | K80: 40149552 | L80: -
A81: 73 | B81: 1404/07/08 | C81: 12:19:34 | D81: انتقال وجه داخلي | E81: انتقال از اينترنت 05053317 ملت از ک 6104338745074928 ش م 167956731441 ش پ 731441 | F81: 1400000 | G81: 0 | H81: 214243125 | I81: =IFERROR(__xludf.DUMMYFUNCTION("REGEXEXTRACT(E81, ""ک\s(\d{16})"")"),"6104338745074928") -> 6104338745074928 | J81: مرکز عمليات کارت(880) | K81: 40152043 | L81: -
A82: 74 | B82: 1404/07/08 | C82: 13:20:10 | D82: انتقال وجه داخلي | E82: انتقال از اينترنت 00019001 قرض الحسنه مهر از ک 6063731139603782 ش م 527313331450 ش پ 331450 | F82: 1150000 | G82: 0 | H82: 215393125 | I82: =IFERROR(__xludf.DUMMYFUNCTION("REGEXEXTRACT(E82, ""ک\s(\d{16})"")"),"6063731139603782") -> 6063731139603782 | J82: مرکز عمليات کارت(880) | K82: 40154650 | L82: -
A83: 75 | B83: 1404/07/08 | C83: 19:24:25 | D83: انتقال وجه داخلي | E83: انتقال از اينترنت 17592030 ملي از ک 6037998221397762 ش م 739765337037 ش پ 521897 | F83: 550000 | G83: 0 | H83: 215943125 | I83: =IFERROR(__xludf.DUMMYFUNCTION("REGEXEXTRACT(E83, ""ک\s(\d{16})"")"),"6037998221397762") -> 6037998221397762 | J83: مرکز عمليات کارت(880) | K83: 30164011 | L83: -
A84: 76 | B84: 1404/07/09 | C84: 05:02:52 | D84: انتقال وجه از طريق مدرن | E84: انتقال وجه موبايلت از سپرده 9316.888.1579090.1 ش.پ 00001759282372586430 - محمود ابراهيميان | F84: 76000000 | G84: 0 | H84: 291943125 | I84: =IFERROR(__xludf.DUMMYFUNCTION("REGEXEXTRACT(E84, ""ک\s(\d{16})"")"),"#N/A") -> #N/A | J84: نيشابور(9316) | K84: 50168238 | L84: - | O84: 00001759282372586430
A85: 77 | B85: 1404/07/09 | C85: 12:07:3 | D85: انتقال وجه داخلي | E85: انتقال از اينترنت 00019041 سامان به ک 5859831103338371 ش م 527412260145 ش پ 260145 | F85: 0 | G85: 4000000 | H85: 287943125 | I85: =IFERROR(__xludf.DUMMYFUNCTION("REGEXEXTRACT(E85, ""ک\s(\d{16})"")"),"5859831103338371") -> 5859831103338371 | J85: مرکز عمليات کارت(880) | K85: 40179531 | L85: -
A86: 78 | B86: 1404/07/09 | C86: 12:07:3 | D86: انتقال وجه داخلي | E86: کارمزد انتقال از اينترنت 00019041 سامان از ک 6219861085979838 ش م 527412260145 ش پ 260145 | F86: 0 | G86: 9000 | H86: 287934125 | I86: =IFERROR(__xludf.DUMMYFUNCTION("REGEXEXTRACT(E86, ""ک\s(\d{16})"")"),"6219861085979838") -> 6219861085979838 | J86: مرکز عمليات کارت(880) | K86: 40179531 | L86: -
A87: 79 | B87: 1404/07/09 | C87: 12:09:13 | D87: دستور پرداخت لحظه اي سمت متعهد | E87: انتقال وجه آني به شباIR330170000000368446714003به فرز‌انه‌ ‌عمارلو ش.پ140407090563104986130 | F87: 0 | G87: 80350000 | H87: 207584125 | I87: =IFERROR(__xludf.DUMMYFUNCTION("REGEXEXTRACT(E87, ""ک\s(\d{16})"")"),"#N/A") -> #N/A | J87: مرکز عمليات مدرن(888) | K87: 50179212 | L87: -
A88: 80 | B88: 1404/07/09 | C88: 12:09:13 | D88: صدور سند کارمزد_انتقالي از سپرده يا حساب مطالبات سپرده به حساب کارمزد بانک | E88: دريافت کارمزد بابت انتقال وجه از کانال هاي مدرن به شيوه لايت از سپرده 9316.888.1512735.1-کارمزد دستور پرداخت سامانه پل | F88: 0 | G88: 16070 | H88: 207568055 | I88: =IFERROR(__xludf.DUMMYFUNCTION("REGEXEXTRACT(E88, ""ک\s(\d{16})"")"),"#N/A") -> #N/A | J88: مرکز عمليات مدرن(888) | K88: 50179213 | L88: -
A89: 81 | B89: 1404/07/09 | C89: 12:10:4 | D89: دستور پرداخت لحظه اي سمت متعهد | E89: انتقال وجه آني به شباIR270190000000101536120004به ‌علي‌ ‌اکبر دوستي‌ ش.پ140407090563104986151 | F89: 0 | G89: 50000000 | H89: 157568055 | I89: =IFERROR(__xludf.DUMMYFUNCTION("REGEXEXTRACT(E89, ""ک\s(\d{16})"")"),"#N/A") -> #N/A | J89: مرکز عمليات مدرن(888) | K89: 50179214 | L89: -
A90: 82 | B90: 1404/07/09 | C90: 12:10:4 | D90: صدور سند کارمزد_انتقالي از سپرده يا حساب مطالبات سپرده به حساب کارمزد بانک | E90: دريافت کارمزد بابت انتقال وجه از کانال هاي مدرن به شيوه لايت از سپرده 9316.888.1512735.1-کارمزد دستور پرداخت سامانه پل | F90: 0 | G90: 10000 | H90: 157558055 | I90: =IFERROR(__xludf.DUMMYFUNCTION("REGEXEXTRACT(E90, ""ک\s(\d{16})"")"),"#N/A") -> #N/A | J90: مرکز عمليات مدرن(888) | K90: 50179215 | L90: -
A91: 83 | B91: 1404/07/09 | C91: 20:01:51 | D91: انتقال وجه داخلي | E91: انتقال از اينترنت 00019041 سامان به ک 6037697600840968 ش م 527420103888 ش پ 103888 | F91: 0 | G91: 15600000 | H91: 141958055 | I91: =IFERROR(__xludf.DUMMYFUNCTION("REGEXEXTRACT(E91, ""ک\s(\d{16})"")"),"6037697600840968") -> 6037697600840968 | J91: مرکز عمليات کارت(880) | K91: 40189388 | L91: -
A92: 84 | B92: 1404/07/09 | C92: 20:01:51 | D92: انتقال وجه داخلي | E92: کارمزد انتقال از اينترنت 00019041 سامان از ک 6219861085979838 ش م 527420103888 ش پ 103888 | F92: 0 | G92: 12200 | H92: 141945855 | I92: =IFERROR(__xludf.DUMMYFUNCTION("REGEXEXTRACT(E92, ""ک\s(\d{16})"")"),"6219861085979838") -> 6219861085979838 | J92: مرکز عمليات کارت(880) | K92: 40189388 | L92: -
A93: 85 | B93: 1404/07/10 | C93: 04:51:5 | D93: انتقال وجه از طريق مدرن | E93: انتقال وجه موبايلت از سپرده 9316.888.1579090.1 ش.پ 00001759368065474782 - محمود ابراهيميان | F93: 61000000 | G93: 0 | H93: 202945855 | I93: =IFERROR(__xludf.DUMMYFUNCTION("REGEXEXTRACT(E93, ""ک\s(\d{16})"")"),"#N/A") -> #N/A | J93: نيشابور(9316) | K93: 50193828 | L93: - | O93: 00001759368065474782
A94: 86 | B94: 1404/07/10 | C94: 05:09:25 | D94: انتقال وجه از طريق مدرن | E94: انتقال وجه موبايلت از سپرده 9316.888.1579090.1 ش.پ 00001759369165118969 - محمود ابراهيميان | F94: 33000000 | G94: 0 | H94: 235945855 | I94: =IFERROR(__xludf.DUMMYFUNCTION("REGEXEXTRACT(E94, ""ک\s(\d{16})"")"),"#N/A") -> #N/A | J94: نيشابور(9316) | K94: 10195973 | L94: - | O94: 00001759369165118969
A95: 87 | B95: 1404/07/10 | C95: 09:44:50 | D95: دستور پرداخت لحظه اي سمت متعهد | E95: انتقال وجه آني به شباIR540170000000200773662008به محمد شهريارپور ش.پ140407100563105003624 | F95: 0 | G95: 120000000 | H95: 115945855 | I95: =IFERROR(__xludf.DUMMYFUNCTION("REGEXEXTRACT(E95, ""ک\s(\d{16})"")"),"#N/A") -> #N/A | J95: مرکز عمليات مدرن(888) | K95: 20196938 | L95: - | N95: اجاره واحد آقاي محمود ابراهيميان
A96: 88 | B96: 1404/07/10 | C96: 09:44:50 | D96: صدور سند کارمزد_انتقالي از سپرده يا حساب مطالبات سپرده به حساب کارمزد بانک | E96: دريافت کارمزد بابت انتقال وجه از کانال هاي مدرن به شيوه لايت از سپرده 9316.888.1512735.1-کارمزد دستور پرداخت سامانه پل | F96: 0 | G96: 24000 | H96: 115921855 | I96: =IFERROR(__xludf.DUMMYFUNCTION("REGEXEXTRACT(E96, ""ک\s(\d{16})"")"),"#N/A") -> #N/A | J96: مرکز عمليات مدرن(888) | K96: 20196939 | L96: -
A97: 89 | B97: 1404/07/10 | C97: 09:46:1 | D97: انتقال وجه داخلي | E97: انتقال از اينترنت 00019041 سامان به ک 6104338981389121 ش م 527509724646 ش پ 724646 | F97: 0 | G97: 50000000 | H97: 65921855 | I97: =IFERROR(__xludf.DUMMYFUNCTION("REGEXEXTRACT(E97, ""ک\s(\d{16})"")"),"6104338981389121") -> 6104338981389121 | J97: مرکز عمليات کارت(880) | K97: 40199835 | L97: -
A98: 90 | B98: 1404/07/10 | C98: 09:46:1 | D98: انتقال وجه داخلي | E98: کارمزد انتقال از اينترنت 00019041 سامان از ک 6219861085979838 ش م 527509724646 ش پ 724646 | F98: 0 | G98: 21800 | H98: 65900055 | I98: =IFERROR(__xludf.DUMMYFUNCTION("REGEXEXTRACT(E98, ""ک\s(\d{16})"")"),"6219861085979838") -> 6219861085979838 | J98: مرکز عمليات کارت(880) | K98: 40199835 | L98: -
A99: 91 | B99: 1404/07/10 | C99: 10:13:7 | D99: اعلام موجودي | E99: کارمزد مانده حساب از پايانه فروش 13444162 پرداخت الکترونيک سامان1 از ک 6219861085979838 ش م 85500562 | F99: 0 | G99: 1800 | H99: 65898255 | I99: =IFERROR(__xludf.DUMMYFUNCTION("REGEXEXTRACT(E99, ""ک\s(\d{16})"")"),"6219861085979838") -> 6219861085979838 | J99: مرکز عمليات کارت(880) | K99: 30200143 | L99: -
A100: 92 | B100: 1404/07/10 | C100: 11:45:54 | D100: اعلام موجودي | E100: کارمزد مانده حساب از پايانه فروش 13444162 پرداخت الکترونيک سامان1 از ک 6219861085979838 ش م 85500960 | F100: 0 | G100: 1800 | H100: 65896455 | I100: =IFERROR(__xludf.DUMMYFUNCTION("REGEXEXTRACT(E100, ""ک\s(\d{16})"")"),"6219861085979838") -> 6219861085979838 | J100: مرکز عمليات کارت(880) | K100: 40203488 | L100: -
A101: 93 | B101: 1404/07/10 | C101: 11:52:24 | D101: انتقال وجه داخلي | E101: انتقال از خودپرداز 45101693 تجارت - بين 2 به ک 6104338738476148 ش م 169327442741 ش پ 169364 | F101: 0 | G101: 40658200 | H101: 25238255 | I101: =IFERROR(__xludf.DUMMYFUNCTION("REGEXEXTRACT(E101, ""ک\s(\d{16})"")"),"6104338738476148") -> 6104338738476148 | J101: مرکز عمليات کارت(880) | K101: 30203381 | L101: -
...

Sheet Cards

Sheet Final_Data
A1: ردیف | B1: تاریخ | C1: شرح | D1: نام دارنده کارت | E1: واریز (ریال) | F1: برداشت (ریال) | G1: شماره کارت
A2: 1 | B2: 1404/07/01 | C2: انتقال وجه موبايلت از سپرده 9316.888.1579090.1 ش.پ 00001758598356202052 - محمود ابراهيميان | D2: =VLOOKUP(G2, Cards!A:B, 2, FALSE) -> #N/A | E2: 140000000 | F2: 0 | G2: =IFERROR(__xludf.DUMMYFUNCTION("REGEXEXTRACT(C2, ""ک\s(\d{16})"")"),"#N/A") -> #N/A
A3: 2 | B3: 1404/07/01 | C3: انتقال وجه موبايلت از سپرده 9316.888.1579090.1 ش.پ 00001758598963401925 - محمود ابراهيميان | D3: =VLOOKUP(G3, Cards!A:B, 2, FALSE) -> #N/A | E3: 7900000 | F3: 0 | G3: =IFERROR(__xludf.DUMMYFUNCTION("REGEXEXTRACT(C3, ""ک\s(\d{16})"")"),"#N/A") -> #N/A
A4: 3 | B4: 1404/07/01 | C4: خريد کالا و خدمات از پايانه فروش 14973164 پرداخت الکترونيک سامان1 از ک 6219861085979838 ش م 85472825 | D4: =VLOOKUP(G4, Cards!A:B, 2, FALSE) -> #N/A | E4: 0 | F4: 33435000 | G4: =IFERROR(__xludf.DUMMYFUNCTION("REGEXEXTRACT(C4, ""ک\s(\d{16})"")"),"6219861085979838") -> 6219861085979838
A5: 4 | B5: 1404/07/01 | C5: انتقال از خودپرداز 45101693 تجارت - بين 2 به ک 6037701575716284 ش م 169326543071 ش پ 169373 | D5: =VLOOKUP(G5, Cards!A:B, 2, FALSE) -> #N/A | E5: 0 | F5: 30000000 | G5: =IFERROR(__xludf.DUMMYFUNCTION("REGEXEXTRACT(C5, ""ک\s(\d{16})"")"),"6037701575716284") -> 6037701575716284
A6: 5 | B6: 1404/07/01 | C6: کارمزد انتقال از خودپرداز 45101693 تجارت - بين 2 از ک 6219861085979838 ش م 169326543071 ش پ 169373 | D6: =VLOOKUP(G6, Cards!A:B, 2, FALSE) -> #N/A | E6: 0 | F6: 15400 | G6: =IFERROR(__xludf.DUMMYFUNCTION("REGEXEXTRACT(C6, ""ک\s(\d{16})"")"),"6219861085979838") -> 6219861085979838
A7: 6 | B7: 1404/07/01 | C7: انتقال از خودپرداز 45101693 تجارت - بين 2 به ک 6104338738476148 ش م 169326543105 ش پ 169374 | D7: =VLOOKUP(G7, Cards!A:B, 2, FALSE) -> #N/A | E7: 0 | F7: 19824600 | G7: =IFERROR(__xludf.DUMMYFUNCTION("REGEXEXTRACT(C7, ""ک\s(\d{16})"")"),"6104338738476148") -> 6104338738476148
A8: 7 | B8: 1404/07/01 | C8: کارمزد انتقال از خودپرداز 45101693 تجارت - بين 2 از ک 6219861085979838 ش م 169326543105 ش پ 169374 | D8: =VLOOKUP(G8, Cards!A:B, 2, FALSE) -> #N/A | E8: 0 | F8: 12200 | G8: =IFERROR(__xludf.DUMMYFUNCTION("REGEXEXTRACT(C8, ""ک\s(\d{16})"")"),"6219861085979838") -> 6219861085979838
A9: 8 | B9: 1404/07/01 | C9: انتقال از خودپرداز 45101693 تجارت - بين 2 به ک 6274121208660688 ش م 169326543131 ش پ 169375 | D9: =VLOOKUP(G9, Cards!A:B, 2, FALSE) -> #N/A | E9: 0 | F9: 28170000 | G9: =IFERROR(__xludf.DUMMYFUNCTION("REGEXEXTRACT(C9, ""ک\s(\d{16})"")"),"6274121208660688") -> 6274121208660688
A10: 9 | B10: 1404/07/01 | C10: کارمزد انتقال از خودپرداز 45101693 تجارت - بين 2 از ک 6219861085979838 ش م 169326543131 ش پ 169375 | D10: =VLOOKUP(G10, Cards!A:B, 2, FALSE) -> #N/A | E10: 0 | F10: 15400 | G10: =IFERROR(__xludf.DUMMYFUNCTION("REGEXEXTRACT(C10, ""ک\s(\d{16})"")"),"6219861085979838") -> 6219861085979838
A11: 10 | B11: 1404/07/01 | C11: کارمزد مانده حساب از پايانه فروش 13444162 پرداخت الکترونيک سامان1 از ک 6219861085979838 ش م 85473011 | D11: =VLOOKUP(G11, Cards!A:B, 2, FALSE) -> #N/A | E11: 0 | F11: 1800 | G11: =IFERROR(__xludf.DUMMYFUNCTION("REGEXEXTRACT(C11, ""ک\s(\d{16})"")"),"6219861085979838") -> 6219861085979838
A12: 11 | B12: 1404/07/01 | C12: خريد کالا و خدمات از پايانه فروش 05465898 کارت اعتباري ايران کيش از ک 6219861085979838 ش م 658982650 | D12: =VLOOKUP(G12, Cards!A:B, 2, FALSE) -> #N/A | E12: 0 | F12: 2350000 | G12: =IFERROR(__xludf.DUMMYFUNCTION("REGEXEXTRACT(C12, ""ک\s(\d{16})"")"),"6219861085979838") -> 6219861085979838
A13: 12 | B13: 1404/07/01 | C13: انتقال از اينترنت I000MP01 تجارت - بين 2 از ک 5859831105862774 ش م 136232302991 ش پ 187674 | D13: =VLOOKUP(G13, Cards!A:B, 2, FALSE) -> #N/A | E13: 250000 | F13: 0 | G13: =IFERROR(__xludf.DUMMYFUNCTION("REGEXEXTRACT(C13, ""ک\s(\d{16})"")"),"5859831105862774") -> 5859831105862774
A14: 13 | B14: 1404/07/02 | C14: انتقال وجه موبايلت از سپرده 9316.888.1579090.1 ش.پ 00001758676641322350 - محمود ابراهيميان | D14: =VLOOKUP(G14, Cards!A:B, 2, FALSE) -> #N/A | E14: 40000000 | F14: 0 | G14: =IFERROR(__xludf.DUMMYFUNCTION("REGEXEXTRACT(C14, ""ک\s(\d{16})"")"),"#N/A") -> #N/A
A15: 14 | B15: 1404/07/02 | C15: انتقال وجه موبايلت از سپرده 9316.888.1579090.1 ش.پ 00001758676694053361 - محمود ابراهيميان | D15: =VLOOKUP(G15, Cards!A:B, 2, FALSE) -> #N/A | E15: 28000000 | F15: 0 | G15: =IFERROR(__xludf.DUMMYFUNCTION("REGEXEXTRACT(C15, ""ک\s(\d{16})"")"),"#N/A") -> #N/A
A16: 15 | B16: 1404/07/02 | C16: خريد کالا و خدمات از پايانه فروش 33562616 پرداخت الکترونيک سداد 2 از ک 6219861085979838 ش م 32885947 | D16: =VLOOKUP(G16, Cards!A:B, 2, FALSE) -> #N/A | E16: 0 | F16: 15600000 | G16: =IFERROR(__xludf.DUMMYFUNCTION("REGEXEXTRACT(C16, ""ک\s(\d{16})"")"),"6219861085979838") -> 6219861085979838
A17: 16 | B17: 1404/07/02 | C17: خريد کالا و خدمات از پايانه فروش 33795243 پرداخت الکترونيک سداد 2 از ک 6219861085979838 ش م 32885969 | D17: =VLOOKUP(G17, Cards!A:B, 2, FALSE) -> #N/A | E17: 0 | F17: 10000000 | G17: =IFERROR(__xludf.DUMMYFUNCTION("REGEXEXTRACT(C17, ""ک\s(\d{16})"")"),"6219861085979838") -> 6219861085979838
A18: 17 | B18: 1404/07/02 | C18: خريد کالا و خدمات از پايانه فروش 07027865 کارت اعتباري ايران کيش از ک 6219861085979838 ش م 278652666 | D18: =VLOOKUP(G18, Cards!A:B, 2, FALSE) -> #N/A | E18: 0 | F18: 14885000 | G18: =IFERROR(__xludf.DUMMYFUNCTION("REGEXEXTRACT(C18, ""ک\s(\d{16})"")"),"6219861085979838") -> 6219861085979838
A19: 18 | B19: 1404/07/02 | C19: خريد کالا و خدمات از پايانه فروش 99085527 مبنا کارت آريا (اينفوتک) از ک 6219861085979838 ش م 1290901 | D19: =VLOOKUP(G19, Cards!A:B, 2, FALSE) -> #N/A | E19: 0 | F19: 10375000 | G19: =IFERROR(__xludf.DUMMYFUNCTION("REGEXEXTRACT(C19, ""ک\s(\d{16})"")"),"6219861085979838") -> 6219861085979838
A20: 19 | B20: 1404/07/02 | C20: انتقال وجه بلو بانک از شبا IR810560611828005612979301 ش.پ 14042912609274 - مبينا دادگري | D20: =VLOOKUP(G20, Cards!A:B, 2, FALSE) -> #N/A | E20: 1150000 | F20: 0 | G20: =IFERROR(__xludf.DUMMYFUNCTION("REGEXEXTRACT(C20, ""ک\s(\d{16})"")"),"#N/A") -> #N/A
A21: 20 | B21: 1404/07/02 | C21: خريد کالا و خدمات از پايانه فروش 10073665 پرداخت الکترونيک سامان1 از ک 6219861085979838 ش م 85476458 | D21: =VLOOKUP(G21, Cards!A:B, 2, FALSE) -> #N/A | E21: 0 | F21: 6000000 | G21: =IFERROR(__xludf.DUMMYFUNCTION("REGEXEXTRACT(C21, ""ک\s(\d{16})"")"),"6219861085979838") -> 6219861085979838
A22: 21 | B22: 1404/07/02 | C22: کارمزد مانده حساب از پايانه فروش 13444162 پرداخت الکترونيک سامان1 از ک 6219861085979838 ش م 85476631 | D22: =VLOOKUP(G22, Cards!A:B, 2, FALSE) -> #N/A | E22: 0 | F22: 1800 | G22: =IFERROR(__xludf.DUMMYFUNCTION("REGEXEXTRACT(C22, ""ک\s(\d{16})"")"),"6219861085979838") -> 6219861085979838
A23: 22 | B23: 1404/07/02 | C23: انتقال از اينترنت I000MP01 تجارت - بين 2 از ک 5859831227346631 ش م 984881868405 ش پ 183289 | D23: =VLOOKUP(G23, Cards!A:B, 2, FALSE) -> #N/A | E23: 150000 | F23: 0 | G23: =IFERROR(__xludf.DUMMYFUNCTION("REGEXEXTRACT(C23, ""ک\s(\d{16})"")"),"5859831227346631") -> 5859831227346631
A24: 23 | B24: 1404/07/02 | C24: انتقال از اينترنت 00019041 سامان به ک 6037701642636788 ش م 526719070517 ش پ 070517 | D24: =VLOOKUP(G24, Cards!A:B, 2, FALSE) -> #N/A | E24: 0 | F24: 13200000 | G24: =IFERROR(__xludf.DUMMYFUNCTION("REGEXEXTRACT(C24, ""ک\s(\d{16})"")"),"6037701642636788") -> 6037701642636788
A25: 24 | B25: 1404/07/02 | C25: کارمزد انتقال از اينترنت 00019041 سامان از ک 6219861085979838 ش م 526719070517 ش پ 070517 | D25: =VLOOKUP(G25, Cards!A:B, 2, FALSE) -> #N/A | E25: 0 | F25: 12200 | G25: =IFERROR(__xludf.DUMMYFUNCTION("REGEXEXTRACT(C25, ""ک\s(\d{16})"")"),"6219861085979838") -> 6219861085979838
A26: 25 | B26: 1404/07/03 | C26: انتقال وجه موبايلت از سپرده 9316.888.1579090.1 ش.پ 00001758767468899694 - محمود ابراهيميان | D26: =VLOOKUP(G26, Cards!A:B, 2, FALSE) -> #N/A | E26: 72000000 | F26: 0 | G26: =IFERROR(__xludf.DUMMYFUNCTION("REGEXEXTRACT(C26, ""ک\s(\d{16})"")"),"#N/A") -> #N/A
A27: 26 | B27: 1404/07/03 | C27: خريد کالا و خدمات از پايانه فروش 33576242 پرداخت الکترونيک سداد 2 از ک 6219861085979838 ش م 32887403 | D27: =VLOOKUP(G27, Cards!A:B, 2, FALSE) -> #N/A | E27: 0 | F27: 2000000 | G27: =IFERROR(__xludf.DUMMYFUNCTION("REGEXEXTRACT(C27, ""ک\s(\d{16})"")"),"6219861085979838") -> 6219861085979838
A28: 27 | B28: 1404/07/03 | C28: انتقال از اينترنت 00019041 سامان به ک 6037997435482469 ش م 526811027326 ش پ 027326 | D28: =VLOOKUP(G28, Cards!A:B, 2, FALSE) -> #N/A | E28: 0 | F28: 2700000 | G28: =IFERROR(__xludf.DUMMYFUNCTION("REGEXEXTRACT(C28, ""ک\s(\d{16})"")"),"6037997435482469") -> 6037997435482469
A29: 28 | B29: 1404/07/03 | C29: کارمزد انتقال از اينترنت 00019041 سامان از ک 6219861085979838 ش م 526811027326 ش پ 027326 | D29: =VLOOKUP(G29, Cards!A:B, 2, FALSE) -> #N/A | E29: 0 | F29: 9000 | G29: =IFERROR(__xludf.DUMMYFUNCTION("REGEXEXTRACT(C29, ""ک\s(\d{16})"")"),"6219861085979838") -> 6219861085979838
A30: 29 | B30: 1404/07/03 | C30: خريد کالا و خدمات از پايانه فروش 10073665 پرداخت الکترونيک سامان1 از ک 6219861085979838 ش م 85479555 | D30: =VLOOKUP(G30, Cards!A:B, 2, FALSE) -> #N/A | E30: 0 | F30: 2900000 | G30: =IFERROR(__xludf.DUMMYFUNCTION("REGEXEXTRACT(C30, ""ک\s(\d{16})"")"),"6219861085979838") -> 6219861085979838
A31: 30 | B31: 1404/07/03 | C31: انتقال از خودپرداز 45101693 تجارت - بين 2 به ک 5894631178646402 ش م 169326746411 ش پ 169318 | D31: =VLOOKUP(G31, Cards!A:B, 2, FALSE) -> #N/A | E31: 0 | F31: 10480000 | G31: =IFERROR(__xludf.DUMMYFUNCTION("REGEXEXTRACT(C31, ""ک\s(\d{16})"")"),"5894631178646402") -> 5894631178646402
A32: 31 | B32: 1404/07/03 | C32: کارمزد انتقال از خودپرداز 45101693 تجارت - بين 2 از ک 6219861085979838 ش م 169326746411 ش پ 169318 | D32: =VLOOKUP(G32, Cards!A:B, 2, FALSE) -> #N/A | E32: 0 | F32: 12200 | G32: =IFERROR(__xludf.DUMMYFUNCTION("REGEXEXTRACT(C32, ""ک\s(\d{16})"")"),"6219861085979838") -> 6219861085979838
A33: 32 | B33: 1404/07/03 | C33: انتقال از خودپرداز 45101693 تجارت - بين 2 به ک 6037997381658112 ش م 169326746435 ش پ 169319 | D33: =VLOOKUP(G33, Cards!A:B, 2, FALSE) -> #N/A | E33: 0 | F33: 9600000 | G33: =IFERROR(__xludf.DUMMYFUNCTION("REGEXEXTRACT(C33, ""ک\s(\d{16})"")"),"6037997381658112") -> 6037997381658112
A34: 33 | B34: 1404/07/03 | C34: کارمزد انتقال از خودپرداز 45101693 تجارت - بين 2 از ک 6219861085979838 ش م 169326746435 ش پ 169319 | D34: =VLOOKUP(G34, Cards!A:B, 2, FALSE) -> #N/A | E34: 0 | F34: 9000 | G34: =IFERROR(__xludf.DUMMYFUNCTION("REGEXEXTRACT(C34, ""ک\s(\d{16})"")"),"6219861085979838") -> 6219861085979838
A35: 34 | B35: 1404/07/03 | C35: انتقال از خودپرداز 45101693 تجارت - بين 2 به ک 6274121208660688 ش م 169326746464 ش پ 169320 | D35: =VLOOKUP(G35, Cards!A:B, 2, FALSE) -> #N/A | E35: 0 | F35: 20430000 | G35: =IFERROR(__xludf.DUMMYFUNCTION("REGEXEXTRACT(C35, ""ک\s(\d{16})"")"),"6274121208660688") -> 6274121208660688
A36: 35 | B36: 1404/07/03 | C36: کارمزد انتقال از خودپرداز 45101693 تجارت - بين 2 از ک 6219861085979838 ش م 169326746464 ش پ 169320 | D36: =VLOOKUP(G36, Cards!A:B, 2, FALSE) -> #N/A | E36: 0 | F36: 15400 | G36: =IFERROR(__xludf.DUMMYFUNCTION("REGEXEXTRACT(C36, ""ک\s(\d{16})"")"),"6219861085979838") -> 6219861085979838
A37: 36 | B37: 1404/07/03 | C37: انتقال از خودپرداز 45101693 تجارت - بين 2 به ک 6037701642636788 ش م 169326746501 ش پ 169321 | D37: =VLOOKUP(G37, Cards!A:B, 2, FALSE) -> #N/A | E37: 0 | F37: 13200000 | G37: =IFERROR(__xludf.DUMMYFUNCTION("REGEXEXTRACT(C37, ""ک\s(\d{16})"")"),"6037701642636788") -> 6037701642636788
A38: 37 | B38: 1404/07/03 | C38: کارمزد انتقال از خودپرداز 45101693 تجارت - بين 2 از ک 6219861085979838 ش م 169326746501 ش پ 169321 | D38: =VLOOKUP(G38, Cards!A:B, 2, FALSE) -> #N/A | E38: 0 | F38: 12200 | G38: =IFERROR(__xludf.DUMMYFUNCTION("REGEXEXTRACT(C38, ""ک\s(\d{16})"")"),"6219861085979838") -> 6219861085979838
A39: 38 | B39: 1404/07/03 | C39: انتقال از خودپرداز 45101693 تجارت - بين 2 به ک 5859831103338371 ش م 169326746529 ش پ 169322 | D39: =VLOOKUP(G39, Cards!A:B, 2, FALSE) -> #N/A | E39: 0 | F39: 4000000 | G39: =IFERROR(__xludf.DUMMYFUNCTION("REGEXEXTRACT(C39, ""ک\s(\d{16})"")"),"5859831103338371") -> 5859831103338371
A40: 39 | B40: 1404/07/03 | C40: کارمزد انتقال از خودپرداز 45101693 تجارت - بين 2 از ک 6219861085979838 ش م 169326746529 ش پ 169322 | D40: =VLOOKUP(G40, Cards!A:B, 2, FALSE) -> #N/A | E40: 0 | F40: 9000 | G40: =IFERROR(__xludf.DUMMYFUNCTION("REGEXEXTRACT(C40, ""ک\s(\d{16})"")"),"6219861085979838") -> 6219861085979838
A41: 40 | B41: 1404/07/03 | C41: کارمزد مانده حساب از پايانه فروش 13444162 پرداخت الکترونيک سامان1 از ک 6219861085979838 ش م 85479861 | D41: =VLOOKUP(G41, Cards!A:B, 2, FALSE) -> #N/A | E41: 0 | F41: 1800 | G41: =IFERROR(__xludf.DUMMYFUNCTION("REGEXEXTRACT(C41, ""ک\s(\d{16})"")"),"6219861085979838") -> 6219861085979838
A42: 41 | B42: 1404/07/03 | C42: انتقال از اينترنت 17592030 ملي از ک 6037991712002975 ش م 628345324934 ش پ 921969 | D42: =VLOOKUP(G42, Cards!A:B, 2, FALSE) -> #N/A | E42: 1450000 | F42: 0 | G42: =IFERROR(__xludf.DUMMYFUNCTION("REGEXEXTRACT(C42, ""ک\s(\d{16})"")"),"6037991712002975") -> 6037991712002975
A43: 42 | B43: 1404/07/03 | C43: انتقال از خودپرداز 45101693 تجارت - بين 2 به ک 6104338738476148 ش م 169326774978 ش پ 169319 | D43: =VLOOKUP(G43, Cards!A:B, 2, FALSE) -> #N/A | E43: 0 | F43: 20675600 | G43: =IFERROR(__xludf.DUMMYFUNCTION("REGEXEXTRACT(C43, ""ک\s(\d{16})"")"),"6104338738476148") -> 6104338738476148
A44: 43 | B44: 1404/07/03 | C44: کارمزد انتقال از خودپرداز 45101693 تجارت - بين 2 از ک 6219861085979838 ش م 169326774978 ش پ 169319 | D44: =VLOOKUP(G44, Cards!A:B, 2, FALSE) -> #N/A | E44: 0 | F44: 15400 | G44: =IFERROR(__xludf.DUMMYFUNCTION("REGEXEXTRACT(C44, ""ک\s(\d{16})"")"),"6219861085979838") -> 6219861085979838
A45: 44 | B45: 1404/07/03 | C45: انتقال از خودپرداز 45101693 تجارت - بين 2 به ک 5894631178646402 ش م 169326775010 ش پ 169320 | D45: =VLOOKUP(G45, Cards!A:B, 2, FALSE) -> #N/A | E45: 0 | F45: 10420000 | G45: =IFERROR(__xludf.DUMMYFUNCTION("REGEXEXTRACT(C45, ""ک\s(\d{16})"")"),"5894631178646402") -> 5894631178646402
A46: 45 | B46: 1404/07/03 | C46: کارمزد انتقال از خودپرداز 45101693 تجارت - بين 2 از ک 6219861085979838 ش م 169326775010 ش پ 169320 | D46: =VLOOKUP(G46, Cards!A:B, 2, FALSE) -> #N/A | E46: 0 | F46: 12200 | G46: =IFERROR(__xludf.DUMMYFUNCTION("REGEXEXTRACT(C46, ""ک\s(\d{16})"")"),"6219861085979838") -> 6219861085979838
A47: 46 | B47: 1404/07/03 | C47: کارمزد مانده حساب از پايانه فروش 13444162 پرداخت الکترونيک سامان1 از ک 6219861085979838 ش م 85481672 | D47: =VLOOKUP(G47, Cards!A:B, 2, FALSE) -> #N/A | E47: 0 | F47: 1800 | G47: =IFERROR(__xludf.DUMMYFUNCTION("REGEXEXTRACT(C47, ""ک\s(\d{16})"")"),"6219861085979838") -> 6219861085979838
A48: 47 | B48: 1404/07/04 | C48: انتقال وجه موبايلت از سپرده 9316.888.1579090.1 ش.پ 00001758893366242176 - محمود ابراهيميان | D48: =VLOOKUP(G48, Cards!A:B, 2, FALSE) -> #N/A | E48: 112600000 | F48: 0 | G48: =IFERROR(__xludf.DUMMYFUNCTION("REGEXEXTRACT(C48, ""ک\s(\d{16})"")"),"#N/A") -> #N/A
A49: 48 | B49: 1404/07/05 | C49: خريد کالا و خدمات از پايانه فروش 33562616 پرداخت الکترونيک سداد 2 از ک 6219861085979838 ش م 32889835 | D49: =VLOOKUP(G49, Cards!A:B, 2, FALSE) -> #N/A | E49: 0 | F49: 15600000 | G49: =IFERROR(__xludf.DUMMYFUNCTION("REGEXEXTRACT(C49, ""ک\s(\d{16})"")"),"6219861085979838") -> 6219861085979838
A50: 49 | B50: 1404/07/05 | C50: کارمزد مانده حساب از پايانه فروش 13444162 پرداخت الکترونيک سامان1 از ک 6219861085979838 ش م 85485235 | D50: =VLOOKUP(G50, Cards!A:B, 2, FALSE) -> #N/A | E50: 0 | F50: 1800 | G50: =IFERROR(__xludf.DUMMYFUNCTION("REGEXEXTRACT(C50, ""ک\s(\d{16})"")"),"6219861085979838") -> 6219861085979838
A51: 50 | B51: 1404/07/05 | C51: انتقال از اينترنت 00019001 پست بانک از ک 6277601369097934 ش م 130009279950 ش پ 279950 | D51: =VLOOKUP(G51, Cards!A:B, 2, FALSE) -> #N/A | E51: 500000 | F51: 0 | G51: =IFERROR(__xludf.DUMMYFUNCTION("REGEXEXTRACT(C51, ""ک\s(\d{16})"")"),"6277601369097934") -> 6277601369097934
A52: 51 | B52: 1404/07/05 | C52: انتقال از اينترنت 00000035 پارسيان از ک 6221061215421878 ش م 758984023831 ش پ 179948 | D52: =VLOOKUP(G52, Cards!A:B, 2, FALSE) -> #N/A | E52: 250000 | F52: 0 | G52: =IFERROR(__xludf.DUMMYFUNCTION("REGEXEXTRACT(C52, ""ک\s(\d{16})"")"),"6221061215421878") -> 6221061215421878
A53: 52 | B53: 1404/07/06 | C53: انتقال وجه موبايلت از سپرده 9316.888.1579090.1 ش.پ 00001759021797764980 - محمود ابراهيميان | D53: =VLOOKUP(G53, Cards!A:B, 2, FALSE) -> #N/A | E53: 40000000 | F53: 0 | G53: =IFERROR(__xludf.DUMMYFUNCTION("REGEXEXTRACT(C53, ""ک\s(\d{16})"")"),"#N/A") -> #N/A
A54: 53 | B54: 1404/07/06 | C54: انتقال وجه موبايلت از سپرده 9316.888.1579090.1 ش.پ 00001759023040966249 - محمود ابراهيميان | D54: =VLOOKUP(G54, Cards!A:B, 2, FALSE) -> #N/A | E54: 36500000 | F54: 0 | G54: =IFERROR(__xludf.DUMMYFUNCTION("REGEXEXTRACT(C54, ""ک\s(\d{16})"")"),"#N/A") -> #N/A
A55: 54 | B55: 1404/07/06 | C55: خريد کالا و خدمات از پايانه فروش 33562616 پرداخت الکترونيک سداد 2 از ک 6219861085979838 ش م 32891277 | D55: =VLOOKUP(G55, Cards!A:B, 2, FALSE) -> #N/A | E55: 0 | F55: 15600000 | G55: =IFERROR(__xludf.DUMMYFUNCTION("REGEXEXTRACT(C55, ""ک\s(\d{16})"")"),"6219861085979838") -> 6219861085979838
A56: 55 | B56: 1404/07/06 | C56: خريد کالا و خدمات از پايانه فروش 31143271 پرداخت نوين آرين از ک 6219861085979838 ش م 513198209493 ش | D56: =VLOOKUP(G56, Cards!A:B, 2, FALSE) -> #N/A | E56: 0 | F56: 11600000 | G56: =IFERROR(__xludf.DUMMYFUNCTION("REGEXEXTRACT(C56, ""ک\s(\d{16})"")"),"6219861085979838") -> 6219861085979838
A57: 56 | B57: 1404/07/06 | C57: کارمزد مانده حساب از پايانه فروش 13444162 پرداخت الکترونيک سامان1 از ک 6219861085979838 ش م 85488154 | D57: =VLOOKUP(G57, Cards!A:B, 2, FALSE) -> #N/A | E57: 0 | F57: 1800 | G57: =IFERROR(__xludf.DUMMYFUNCTION("REGEXEXTRACT(C57, ""ک\s(\d{16})"")"),"6219861085979838") -> 6219861085979838
A58: 57 | B58: 1404/07/06 | C58: انتقال وجه آني به شباIR660120010000001523463677به محسن عاملي ش.پ140407060563104919366 | D58: =VLOOKUP(G58, Cards!A:B, 2, FALSE) -> #N/A | E58: 0 | F58: 130000000 | G58: =IFERROR(__xludf.DUMMYFUNCTION("REGEXEXTRACT(C58, ""ک\s(\d{16})"")"),"#N/A") -> #N/A
A59: 58 | B59: 1404/07/06 | C59: دريافت کارمزد بابت انتقال وجه از کانال هاي مدرن به شيوه لايت از سپرده 9316.888.1512735.1-کارمزد دستور پرداخت سامانه پل | D59: =VLOOKUP(G59, Cards!A:B, 2, FALSE) -> #N/A | E59: 0 | F59: 26000 | G59: =IFERROR(__xludf.DUMMYFUNCTION("REGEXEXTRACT(C59, ""ک\s(\d{16})"")"),"#N/A") -> #N/A
A60: 59 | B60: 1404/07/06 | C60: انتقال از اينترنت 05053317 ملت از ک 6104331052268688 ش م 167859481103 ش پ 481103 | D60: =VLOOKUP(G60, Cards!A:B, 2, FALSE) -> #N/A | E60: 1200000 | F60: 0 | G60: =IFERROR(__xludf.DUMMYFUNCTION("REGEXEXTRACT(C60, ""ک\s(\d{16})"")"),"6104331052268688") -> 6104331052268688
A61: 60 | B61: 1404/07/06 | C61: انتقال از اينترنت 17592030 ملي از ک 6037998114386070 ش م 749819461281 ش پ 790299 | D61: =VLOOKUP(G61, Cards!A:B, 2, FALSE) -> #N/A | E61: 1200000 | F61: 0 | G61: =IFERROR(__xludf.DUMMYFUNCTION("REGEXEXTRACT(C61, ""ک\s(\d{16})"")"),"6037998114386070") -> 6037998114386070
A62: 61 | B62: 1404/07/06 | C62: انتقال از اينترنت 17592030 ملي از ک 6037997409404564 ش م 936500980360 ش پ 057440 | D62: =VLOOKUP(G62, Cards!A:B, 2, FALSE) -> #N/A | E62: 1450000 | F62: 0 | G62: =IFERROR(__xludf.DUMMYFUNCTION("REGEXEXTRACT(C62, ""ک\s(\d{16})"")"),"6037997409404564") -> 6037997409404564
A63: 62 | B63: 1404/07/06 | C63: انتقال از اينترنت 17592030 ملي از ک 6037991928738461 ش م 186640041098 ش پ 694091 | D63: =VLOOKUP(G63, Cards!A:B, 2, FALSE) -> #N/A | E63: 1700000 | F63: 0 | G63: =IFERROR(__xludf.DUMMYFUNCTION("REGEXEXTRACT(C63, ""ک\s(\d{16})"")"),"6037991928738461") -> 6037991928738461
A64: 63 | B64: 1404/07/06 | C64: انتقال از اينترنت 17592030 ملي از ک 6037998277253570 ش م 067820035988 ش پ 309130 | D64: =VLOOKUP(G64, Cards!A:B, 2, FALSE) -> #N/A | E64: 550000 | F64: 0 | G64: =IFERROR(__xludf.DUMMYFUNCTION("REGEXEXTRACT(C64, ""ک\s(\d{16})"")"),"6037998277253570") -> 6037998277253570
A65: 64 | B65: 1404/07/06 | C65: کارمزد مانده حساب از پايانه فروش 13444162 پرداخت الکترونيک سامان1 از ک 6219861085979838 ش م 85490463 | D65: =VLOOKUP(G65, Cards!A:B, 2, FALSE) -> #N/A | E65: 0 | F65: 1800 | G65: =IFERROR(__xludf.DUMMYFUNCTION("REGEXEXTRACT(C65, ""ک\s(\d{16})"")"),"6219861085979838") -> 6219861085979838
A66: 65 | B66: 1404/07/06 | C66: انتقال از خودپرداز 45101693 تجارت - بين 2 به ک 5894631178646402 ش م 169327075882 ش پ 169392 | D66: =VLOOKUP(G66, Cards!A:B, 2, FALSE) -> #N/A | E66: 0 | F66: 10655000 | G66: =IFERROR(__xludf.DUMMYFUNCTION("REGEXEXTRACT(C66, ""ک\s(\d{16})"")"),"5894631178646402") -> 5894631178646402
A67: 66 | B67: 1404/07/06 | C67: کارمزد انتقال از خودپرداز 45101693 تجارت - بين 2 از ک 6219861085979838 ش م 169327075882 ش پ 169392 | D67: =VLOOKUP(G67, Cards!A:B, 2, FALSE) -> #N/A | E67: 0 | F67: 12200 | G67: =IFERROR(__xludf.DUMMYFUNCTION("REGEXEXTRACT(C67, ""ک\s(\d{16})"")"),"6219861085979838") -> 6219861085979838
A68: 67 | B68: 1404/07/06 | C68: انتقال از خودپرداز 45101693 تجارت - بين 2 به ک 6037701642636788 ش م 169327075922 ش پ 169393 | D68: =VLOOKUP(G68, Cards!A:B, 2, FALSE) -> #N/A | E68: 0 | F68: 13850000 | G68: =IFERROR(__xludf.DUMMYFUNCTION("REGEXEXTRACT(C68, ""ک\s(\d{16})"")"),"6037701642636788") -> 6037701642636788
A69: 68 | B69: 1404/07/06 | C69: کارمزد انتقال از خودپرداز 45101693 تجارت - بين 2 از ک 6219861085979838 ش م 169327075922 ش پ 169393 | D69: =VLOOKUP(G69, Cards!A:B, 2, FALSE) -> #N/A | E69: 0 | F69: 12200 | G69: =IFERROR(__xludf.DUMMYFUNCTION("REGEXEXTRACT(C69, ""ک\s(\d{16})"")"),"6219861085979838") -> 6219861085979838
A70: 69 | B70: 1404/07/07 | C70: انتقال وجه موبايلت از سپرده 9316.888.1579090.1 ش.پ 00001759108702503914 - محمود ابراهيميان | D70: =VLOOKUP(G70, Cards!A:B, 2, FALSE) -> #N/A | E70: 100000000 | F70: 0 | G70: =IFERROR(__xludf.DUMMYFUNCTION("REGEXEXTRACT(C70, ""ک\s(\d{16})"")"),"#N/A") -> #N/A
A71: 70 | B71: 1404/07/07 | C71: انتقال وجه خدمات کاربر ثالث به سپرده 880.376.2001.9 ش.پ 00001759158012165580-بانک سامان | D71: =VLOOKUP(G71, Cards!A:B, 2, FALSE) -> #N/A | E71: 0 | F71: 12000 | G71: =IFERROR(__xludf.DUMMYFUNCTION("REGEXEXTRACT(C71, ""ک\s(\d{16})"")"),"#N/A") -> #N/A
A72: 71 | B72: 1404/07/08 | C72: انتقال وجه موبايلت از سپرده 9316.888.1579090.1 ش.پ 00001759195656060558 - محمود ابراهيميان | D72: =VLOOKUP(G72, Cards!A:B, 2, FALSE) -> #N/A | E72: 81000000 | F72: 0 | G72: =IFERROR(__xludf.DUMMYFUNCTION("REGEXEXTRACT(C72, ""ک\s(\d{16})"")"),"#N/A") -> #N/A
A73: 72 | B73: 1404/07/08 | C73: انتقال از اينترنت 17592030 ملي از ک 6037998199231522 ش م 844467791444 ش پ 171723 | D73: =VLOOKUP(G73, Cards!A:B, 2, FALSE) -> #N/A | E73: 900000 | F73: 0 | G73: =IFERROR(__xludf.DUMMYFUNCTION("REGEXEXTRACT(C73, ""ک\s(\d{16})"")"),"6037998199231522") -> 6037998199231522
A74: 73 | B74: 1404/07/08 | C74: انتقال از اينترنت 05053317 ملت از ک 6104338745074928 ش م 167956731441 ش پ 731441 | D74: =VLOOKUP(G74, Cards!A:B, 2, FALSE) -> #N/A | E74: 1400000 | F74: 0 | G74: =IFERROR(__xludf.DUMMYFUNCTION("REGEXEXTRACT(C74, ""ک\s(\d{16})"")"),"6104338745074928") -> 6104338745074928
A75: 74 | B75: 1404/07/08 | C75: انتقال از اينترنت 00019001 قرض الحسنه مهر از ک 6063731139603782 ش م 527313331450 ش پ 331450 | D75: =VLOOKUP(G75, Cards!A:B, 2, FALSE) -> #N/A | E75: 1150000 | F75: 0 | G75: =IFERROR(__xludf.DUMMYFUNCTION("REGEXEXTRACT(C75, ""ک\s(\d{16})"")"),"6063731139603782") -> 6063731139603782
A76: 75 | B76: 1404/07/08 | C76: انتقال از اينترنت 17592030 ملي از ک 6037998221397762 ش م 739765337037 ش پ 521897 | D76: =VLOOKUP(G76, Cards!A:B, 2, FALSE) -> #N/A | E76: 550000 | F76: 0 | G76: =IFERROR(__xludf.DUMMYFUNCTION("REGEXEXTRACT(C76, ""ک\s(\d{16})"")"),"6037998221397762") -> 6037998221397762
A77: 76 | B77: 1404/07/09 | C77: انتقال وجه موبايلت از سپرده 9316.888.1579090.1 ش.پ 00001759282372586430 - محمود ابراهيميان | D77: =VLOOKUP(G77, Cards!A:B, 2, FALSE) -> #N/A | E77: 76000000 | F77: 0 | G77: =IFERROR(__xludf.DUMMYFUNCTION("REGEXEXTRACT(C77, ""ک\s(\d{16})"")"),"#N/A") -> #N/A
A78: 77 | B78: 1404/07/09 | C78: انتقال از اينترنت 00019041 سامان به ک 5859831103338371 ش م 527412260145 ش پ 260145 | D78: =VLOOKUP(G78, Cards!A:B, 2, FALSE) -> #N/A | E78: 0 | F78: 4000000 | G78: =IFERROR(__xludf.DUMMYFUNCTION("REGEXEXTRACT(C78, ""ک\s(\d{16})"")"),"5859831103338371") -> 5859831103338371
A79: 78 | B79: 1404/07/09 | C79: کارمزد انتقال از اينترنت 00019041 سامان از ک 6219861085979838 ش م 527412260145 ش پ 260145 | D79: =VLOOKUP(G79, Cards!A:B, 2, FALSE) -> #N/A | E79: 0 | F79: 9000 | G79: =IFERROR(__xludf.DUMMYFUNCTION("REGEXEXTRACT(C79, ""ک\s(\d{16})"")"),"6219861085979838") -> 6219861085979838
A80: 79 | B80: 1404/07/09 | C80: انتقال وجه آني به شباIR330170000000368446714003به فرز‌انه‌ ‌عمارلو ش.پ140407090563104986130 | D80: =VLOOKUP(G80, Cards!A:B, 2, FALSE) -> #N/A | E80: 0 | F80: 80350000 | G80: =IFERROR(__xludf.DUMMYFUNCTION("REGEXEXTRACT(C80, ""ک\s(\d{16})"")"),"#N/A") -> #N/A
A81: 80 | B81: 1404/07/09 | C81: دريافت کارمزد بابت انتقال وجه از کانال هاي مدرن به شيوه لايت از سپرده 9316.888.1512735.1-کارمزد دستور پرداخت سامانه پل | D81: =VLOOKUP(G81, Cards!A:B, 2, FALSE) -> #N/A | E81: 0 | F81: 16070 | G81: =IFERROR(__xludf.DUMMYFUNCTION("REGEXEXTRACT(C81, ""ک\s(\d{16})"")"),"#N/A") -> #N/A
A82: 81 | B82: 1404/07/09 | C82: انتقال وجه آني به شباIR270190000000101536120004به ‌علي‌ ‌اکبر دوستي‌ ش.پ140407090563104986151 | D82: =VLOOKUP(G82, Cards!A:B, 2, FALSE) -> #N/A | E82: 0 | F82: 50000000 | G82: =IFERROR(__xludf.DUMMYFUNCTION("REGEXEXTRACT(C82, ""ک\s(\d{16})"")"),"#N/A") -> #N/A
A83: 82 | B83: 1404/07/09 | C83: دريافت کارمزد بابت انتقال وجه از کانال هاي مدرن به شيوه لايت از سپرده 9316.888.1512735.1-کارمزد دستور پرداخت سامانه پل | D83: =VLOOKUP(G83, Cards!A:B, 2, FALSE) -> #N/A | E83: 0 | F83: 10000 | G83: =IFERROR(__xludf.DUMMYFUNCTION("REGEXEXTRACT(C83, ""ک\s(\d{16})"")"),"#N/A") -> #N/A
A84: 83 | B84: 1404/07/09 | C84: انتقال از اينترنت 00019041 سامان به ک 6037697600840968 ش م 527420103888 ش پ 103888 | D84: =VLOOKUP(G84, Cards!A:B, 2, FALSE) -> #N/A | E84: 0 | F84: 15600000 | G84: =IFERROR(__xludf.DUMMYFUNCTION("REGEXEXTRACT(C84, ""ک\s(\d{16})"")"),"6037697600840968") -> 6037697600840968
A85: 84 | B85: 1404/07/09 | C85: کارمزد انتقال از اينترنت 00019041 سامان از ک 6219861085979838 ش م 527420103888 ش پ 103888 | D85: =VLOOKUP(G85, Cards!A:B, 2, FALSE) -> #N/A | E85: 0 | F85: 12200 | G85: =IFERROR(__xludf.DUMMYFUNCTION("REGEXEXTRACT(C85, ""ک\s(\d{16})"")"),"6219861085979838") -> 6219861085979838
A86: 85 | B86: 1404/07/10 | C86: انتقال وجه موبايلت از سپرده 9316.888.1579090.1 ش.پ 00001759368065474782 - محمود ابراهيميان | D86: =VLOOKUP(G86, Cards!A:B, 2, FALSE) -> #N/A | E86: 61000000 | F86: 0 | G86: =IFERROR(__xludf.DUMMYFUNCTION("REGEXEXTRACT(C86, ""ک\s(\d{16})"")"),"#N/A") -> #N/A
A87: 86 | B87: 1404/07/10 | C87: انتقال وجه موبايلت از سپرده 9316.888.1579090.1 ش.پ 00001759369165118969 - محمود ابراهيميان | D87: =VLOOKUP(G87, Cards!A:B, 2, FALSE) -> #N/A | E87: 33000000 | F87: 0 | G87: =IFERROR(__xludf.DUMMYFUNCTION("REGEXEXTRACT(C87, ""ک\s(\d{16})"")"),"#N/A") -> #N/A
A88: 87 | B88: 1404/07/10 | C88: انتقال وجه آني به شباIR540170000000200773662008به محمد شهريارپور ش.پ140407100563105003624 | D88: =VLOOKUP(G88, Cards!A:B, 2, FALSE) -> #N/A | E88: 0 | F88: 120000000 | G88: =IFERROR(__xludf.DUMMYFUNCTION("REGEXEXTRACT(C88, ""ک\s(\d{16})"")"),"#N/A") -> #N/A
A89: 88 | B89: 1404/07/10 | C89: دريافت کارمزد بابت انتقال وجه از کانال هاي مدرن به شيوه لايت از سپرده 9316.888.1512735.1-کارمزد دستور پرداخت سامانه پل | D89: =VLOOKUP(G89, Cards!A:B, 2, FALSE) -> #N/A | E89: 0 | F89: 24000 | G89: =IFERROR(__xludf.DUMMYFUNCTION("REGEXEXTRACT(C89, ""ک\s(\d{16})"")"),"#N/A") -> #N/A
A90: 89 | B90: 1404/07/10 | C90: انتقال از اينترنت 00019041 سامان به ک 6104338981389121 ش م 527509724646 ش پ 724646 | D90: =VLOOKUP(G90, Cards!A:B, 2, FALSE) -> #N/A | E90: 0 | F90: 50000000 | G90: =IFERROR(__xludf.DUMMYFUNCTION("REGEXEXTRACT(C90, ""ک\s(\d{16})"")"),"6104338981389121") -> 6104338981389121
A91: 90 | B91: 1404/07/10 | C91: کارمزد انتقال از اينترنت 00019041 سامان از ک 6219861085979838 ش م 527509724646 ش پ 724646 | D91: =VLOOKUP(G91, Cards!A:B, 2, FALSE) -> #N/A | E91: 0 | F91: 21800 | G91: =IFERROR(__xludf.DUMMYFUNCTION("REGEXEXTRACT(C91, ""ک\s(\d{16})"")"),"6219861085979838") -> 6219861085979838
A92: 91 | B92: 1404/07/10 | C92: کارمزد مانده حساب از پايانه فروش 13444162 پرداخت الکترونيک سامان1 از ک 6219861085979838 ش م 85500562 | D92: =VLOOKUP(G92, Cards!A:B, 2, FALSE) -> #N/A | E92: 0 | F92: 1800 | G92: =IFERROR(__xludf.DUMMYFUNCTION("REGEXEXTRACT(C92, ""ک\s(\d{16})"")"),"6219861085979838") -> 6219861085979838
A93: 92 | B93: 1404/07/10 | C93: کارمزد مانده حساب از پايانه فروش 13444162 پرداخت الکترونيک سامان1 از ک 6219861085979838 ش م 85500960 | D93: =VLOOKUP(G93, Cards!A:B, 2, FALSE) -> #N/A | E93: 0 | F93: 1800 | G93: =IFERROR(__xludf.DUMMYFUNCTION("REGEXEXTRACT(C93, ""ک\s(\d{16})"")"),"6219861085979838") -> 6219861085979838
A94: 93 | B94: 1404/07/10 | C94: انتقال از خودپرداز 45101693 تجارت - بين 2 به ک 6104338738476148 ش م 169327442741 ش پ 169364 | D94: =VLOOKUP(G94, Cards!A:B, 2, FALSE) -> #N/A | E94: 0 | F94: 40658200 | G94: =IFERROR(__xludf.DUMMYFUNCTION("REGEXEXTRACT(C94, ""ک\s(\d{16})"")"),"6104338738476148") -> 6104338738476148
A95: 94 | B95: 1404/07/10 | C95: کارمزد انتقال از خودپرداز 45101693 تجارت - بين 2 از ک 6219861085979838 ش م 169327442741 ش پ 169364 | D95: =VLOOKUP(G95, Cards!A:B, 2, FALSE) -> #N/A | E95: 0 | F95: 21800 | G95: =IFERROR(__xludf.DUMMYFUNCTION("REGEXEXTRACT(C95, ""ک\s(\d{16})"")"),"6219861085979838") -> 6219861085979838
A96: 95 | B96: 1404/07/10 | C96: خريد کالا و خدمات از پايانه فروش 14973164 پرداخت الکترونيک سامان1 از ک 6219861085979838 ش م 85501076 | D96: =VLOOKUP(G96, Cards!A:B, 2, FALSE) -> #N/A | E96: 0 | F96: 24400000 | G96: =IFERROR(__xludf.DUMMYFUNCTION("REGEXEXTRACT(C96, ""ک\s(\d{16})"")"),"6219861085979838") -> 6219861085979838
A97: 96 | B97: 1404/07/11 | C97: انتقال وجه موبايلت از سپرده 9316.888.1579090.1 ش.پ 00001759488482066229 - محمود ابراهيميان | D97: =VLOOKUP(G97, Cards!A:B, 2, FALSE) -> #N/A | E97: 99000000 | F97: 0 | G97: =IFERROR(__xludf.DUMMYFUNCTION("REGEXEXTRACT(C97, ""ک\s(\d{16})"")"),"#N/A") -> #N/A
A98: 97 | B98: 1404/07/12 | C98: خريد کالا و خدمات از پايانه فروش 03071227 کارت اعتباري ايران کيش از ک 6219861085979838 ش م 712272762 | D98: =VLOOKUP(G98, Cards!A:B, 2, FALSE) -> #N/A | E98: 0 | F98: 16000000 | G98: =IFERROR(__xludf.DUMMYFUNCTION("REGEXEXTRACT(C98, ""ک\s(\d{16})"")"),"6219861085979838") -> 6219861085979838
A99: 98 | B99: 1404/07/12 | C99: کارمزد مانده حساب از پايانه فروش 13444162 پرداخت الکترونيک سامان1 از ک 6219861085979838 ش م 85506620 | D99: =VLOOKUP(G99, Cards!A:B, 2, FALSE) -> #N/A | E99: 0 | F99: 1800 | G99: =IFERROR(__xludf.DUMMYFUNCTION("REGEXEXTRACT(C99, ""ک\s(\d{16})"")"),"6219861085979838") -> 6219861085979838
A100: 99 | B100: 1404/07/12 | C100: انتقال از اينترنت 00019041 سامان به ک 6037701642636788 ش م 527712970383 ش پ 970383 | D100: =VLOOKUP(G100, Cards!A:B, 2, FALSE) -> #N/A | E100: 0 | F100: 16500000 | G100: =IFERROR(__xludf.DUMMYFUNCTION("REGEXEXTRACT(C100, ""ک\s(\d{16})"")"),"6037701642636788") -> 6037701642636788
...
